'Index?';'ItemID';'Page?';'NA';'Level?';'Produced Item';'# Produced Item?';'Item 1';'Item 2';'Item 3';'Item 4';'# Item 1';'# Item 2';'# Item 3';'# Item 4';'NA';'NA';'NA';'NA';'NA';'NA';'NA';'NA';'NA';'NA';'NA'
'1';'1';'0';'4294967294';'0';'436207923';'1';'436207707';'436207708';'436207709';'436207710';'1';'1';'1';'1';'0';'0';'0';'0';'0';'0';'0';'0';'0';'0';'0'
'2';'1';'0';'4294967294';'6';'436207656';'1';'402653189';'402653191';'402653185';'402653184';'2';'2';'2';'2';'0';'0';'0';'0';'0';'0';'0';'0';'0';'0';'0'
'3';'1';'0';'4294967294';'0';'402653221';'1';'402653188';'402653189';'0';'0';'1';'2';'0';'0';'0';'0';'0';'0';'0';'0';'0';'0';'0';'0';'0'
'4';'1';'0';'4294967294';'0';'402653188';'1';'402653192';'402653185';'402653189';'0';'2';'1';'1';'0';'0';'0';'0';'0';'0';'0';'0';'0';'0';'0';'0'
'5';'1';'0';'4294967294';'0';'402653192';'1';'402653189';'402653185';'0';'0';'1';'1';'0';'0';'0';'0';'0';'0';'0';'0';'0';'0';'0';'0';'0'
'6';'1';'0';'4294967294';'0';'402653191';'1';'402653185';'402653192';'0';'0';'1';'1';'0';'0';'0';'0';'0';'0';'0';'0';'0';'0';'0';'0';'0'
'7';'1';'0';'4294967294';'0';'402653184';'1';'402653188';'402653192';'0';'0';'1';'1';'0';'0';'0';'0';'0';'0';'0';'0';'0';'0';'0';'0';'0'
'8';'1';'0';'4294967294';'0';'402653185';'1';'402653192';'402653191';'0';'0';'1';'2';'0';'0';'0';'0';'0';'0';'0';'0';'0';'0';'0';'0';'0'
'9';'1';'0';'4294967294';'0';'402653189';'1';'402653184';'402653185';'0';'0';'1';'1';'0';'0';'0';'0';'0';'0';'0';'0';'0';'0';'0';'0';'0'
'10';'1';'1';'4294967294';'15';'402653200';'1';'402653195';'402653191';'402653188';'0';'3';'5';'5';'0';'0';'0';'0';'0';'0';'0';'0';'0';'0';'0';'0'
'11';'1';'1';'4294967294';'15';'402653201';'1';'402653195';'402653191';'402653184';'0';'3';'5';'5';'0';'0';'0';'0';'0';'0';'0';'0';'0';'0';'0';'0'
'12';'1';'1';'4294967294';'15';'402653202';'1';'402653194';'402653192';'402653191';'0';'3';'5';'5';'0';'0';'0';'0';'0';'0';'0';'0';'0';'0';'0';'0'
'13';'1';'2';'4294967294';'18';'1879048192';'18';'402653193';'402653191';'402653188';'402653192';'6';'20';'20';'30';'0';'0';'0';'0';'0';'0';'0';'0';'0';'0';'0'
'14';'1';'2';'4294967294';'25';'1879048193';'18';'402653195';'402653185';'402653192';'402653191';'6';'20';'30';'30';'0';'0';'0';'0';'0';'0';'0';'0';'0';'0';'0'
'15';'1';'2';'4294967294';'21';'1879048194';'18';'402653194';'402653189';'402653188';'402653192';'6';'10';'10';'20';'0';'0';'0';'0';'0';'0';'0';'0';'0';'0';'0'
'16';'1';'2';'4294967294';'16';'1879048195';'18';'402653190';'402653191';'402653184';'402653189';'6';'30';'10';'10';'0';'0';'0';'0';'0';'0';'0';'0';'0';'0';'0'
'17';'1';'2';'4294967294';'16';'1879048196';'18';'402653190';'402653191';'402653185';'402653189';'6';'30';'10';'10';'0';'0';'0';'0';'0';'0';'0';'0';'0';'0';'0'
'18';'1';'2';'4294967294';'11';'1879048197';'18';'402653198';'402653192';'402653188';'402653189';'6';'30';'20';'10';'0';'0';'0';'0';'0';'0';'0';'0';'0';'0';'0'
'19';'1';'2';'4294967294';'0';'436207667';'1';'436207677';'0';'0';'0';'10';'0';'0';'0';'0';'0';'0';'0';'0';'0';'0';'0';'0';'0';'0'
'20';'1';'3';'4294967295';'0';'469762060';'1';'469762061';'436207695';'402653198';'402653191';'1';'10';'1';'10';'0';'0';'0';'0';'0';'0';'0';'0';'0';'0';'0'
'21';'1';'3';'4294967295';'0';'469762060';'1';'469762062';'436207695';'402653198';'402653191';'1';'10';'1';'10';'0';'0';'0';'0';'0';'0';'0';'0';'0';'0';'0'
'22';'1';'3';'4294967295';'0';'469762061';'1';'469762060';'436207695';'402653198';'402653191';'1';'10';'1';'10';'0';'0';'0';'0';'0';'0';'0';'0';'0';'0';'0'
'23';'1';'3';'4294967295';'0';'469762061';'1';'469762062';'436207695';'402653198';'402653191';'1';'10';'1';'10';'0';'0';'0';'0';'0';'0';'0';'0';'0';'0';'0'
'24';'1';'3';'4294967295';'0';'469762062';'1';'469762060';'436207695';'402653198';'402653191';'1';'10';'1';'10';'0';'0';'0';'0';'0';'0';'0';'0';'0';'0';'0'
'25';'1';'3';'4294967295';'0';'469762062';'1';'469762061';'436207695';'402653198';'402653191';'1';'10';'1';'10';'0';'0';'0';'0';'0';'0';'0';'0';'0';'0';'0'
'26';'1';'3';'0';'0';'134242353';'1';'134242369';'402653223';'402653189';'402653192';'1';'20';'10';'20';'0';'0';'0';'0';'0';'0';'0';'0';'0';'0';'0'
'27';'1';'3';'0';'0';'134242353';'1';'134242354';'402653223';'402653189';'402653192';'1';'20';'10';'20';'0';'0';'0';'0';'0';'0';'0';'0';'0';'0';'0'
'28';'1';'3';'0';'0';'134242354';'1';'134242353';'402653223';'402653189';'402653192';'1';'20';'10';'20';'0';'0';'0';'0';'0';'0';'0';'0';'0';'0';'0'
'29';'1';'3';'0';'0';'134242354';'1';'134242369';'402653223';'402653189';'402653192';'1';'20';'10';'20';'0';'0';'0';'0';'0';'0';'0';'0';'0';'0';'0'
'30';'1';'3';'0';'0';'134242369';'1';'134242353';'402653223';'402653189';'402653192';'1';'20';'10';'20';'0';'0';'0';'0';'0';'0';'0';'0';'0';'0';'0'
'31';'1';'3';'0';'0';'134242369';'1';'134242354';'402653223';'402653189';'402653192';'1';'20';'10';'20';'0';'0';'0';'0';'0';'0';'0';'0';'0';'0';'0'
'32';'1';'3';'0';'0';'134283297';'1';'134283298';'402653223';'402653189';'402653192';'1';'5';'5';'10';'0';'0';'0';'0';'0';'0';'0';'0';'0';'0';'0'
'33';'1';'3';'0';'0';'134283297';'1';'134283305';'402653223';'402653189';'402653192';'1';'5';'5';'10';'0';'0';'0';'0';'0';'0';'0';'0';'0';'0';'0'
'34';'1';'3';'0';'0';'134283298';'1';'134283297';'402653223';'402653189';'402653192';'1';'5';'5';'10';'0';'0';'0';'0';'0';'0';'0';'0';'0';'0';'0'
'35';'1';'3';'0';'0';'134283298';'1';'134283305';'402653223';'402653189';'402653192';'1';'5';'5';'10';'0';'0';'0';'0';'0';'0';'0';'0';'0';'0';'0'
'36';'1';'3';'0';'0';'134283305';'1';'134283298';'402653223';'402653189';'402653192';'1';'5';'5';'10';'0';'0';'0';'0';'0';'0';'0';'0';'0';'0';'0'
'37';'1';'3';'0';'0';'134283305';'1';'134283297';'402653223';'402653189';'402653192';'1';'5';'5';'10';'0';'0';'0';'0';'0';'0';'0';'0';'0';'0';'0'
'38';'1';'3';'0';'0';'134252554';'1';'134252558';'402653223';'402653189';'402653192';'1';'5';'5';'10';'0';'0';'0';'0';'0';'0';'0';'0';'0';'0';'0'
'39';'1';'3';'0';'0';'134252554';'1';'134252555';'402653223';'402653189';'402653192';'1';'5';'5';'10';'0';'0';'0';'0';'0';'0';'0';'0';'0';'0';'0'
'40';'1';'3';'0';'0';'134252555';'1';'134252554';'402653223';'402653189';'402653192';'1';'5';'5';'10';'0';'0';'0';'0';'0';'0';'0';'0';'0';'0';'0'
'41';'1';'3';'0';'0';'134252555';'1';'134252558';'402653223';'402653189';'402653192';'1';'5';'5';'10';'0';'0';'0';'0';'0';'0';'0';'0';'0';'0';'0'
'42';'1';'3';'0';'0';'134252558';'1';'134252554';'402653223';'402653189';'402653192';'1';'5';'5';'10';'0';'0';'0';'0';'0';'0';'0';'0';'0';'0';'0'
'43';'1';'3';'0';'0';'134252558';'1';'134252555';'402653223';'402653189';'402653192';'1';'5';'5';'10';'0';'0';'0';'0';'0';'0';'0';'0';'0';'0';'0'
'44';'1';'3';'0';'0';'134219821';'1';'134219822';'436207695';'402653188';'402653192';'1';'2';'2';'2';'0';'0';'0';'0';'0';'0';'0';'0';'0';'0';'0'
'45';'1';'3';'1';'0';'134537288';'1';'134537289';'402653198';'402653184';'402653185';'1';'1';'5';'5';'0';'0';'0';'0';'0';'0';'0';'0';'0';'0';'0'
'46';'1';'3';'1';'0';'134537289';'1';'134537288';'402653198';'402653184';'402653185';'1';'1';'5';'5';'0';'0';'0';'0';'0';'0';'0';'0';'0';'0';'0'
'47';'1';'3';'1';'0';'134506513';'1';'134506514';'402653198';'402653184';'402653185';'1';'1';'5';'5';'0';'0';'0';'0';'0';'0';'0';'0';'0';'0';'0'
'48';'1';'3';'1';'0';'134506514';'1';'134506513';'402653198';'402653184';'402653185';'1';'1';'5';'5';'0';'0';'0';'0';'0';'0';'0';'0';'0';'0';'0'
'49';'1';'3';'1';'0';'134482000';'1';'134482001';'402653198';'402653184';'402653185';'1';'1';'5';'5';'0';'0';'0';'0';'0';'0';'0';'0';'0';'0';'0'
'50';'1';'3';'1';'0';'134482001';'1';'134482000';'402653198';'402653184';'402653185';'1';'1';'5';'5';'0';'0';'0';'0';'0';'0';'0';'0';'0';'0';'0'
'51';'1';'3';'1';'0';'134496365';'1';'134496366';'402653198';'402653184';'402653185';'1';'2';'8';'8';'0';'0';'0';'0';'0';'0';'0';'0';'0';'0';'0'
'52';'1';'3';'1';'0';'134496366';'1';'134496365';'402653198';'402653184';'402653185';'1';'2';'8';'8';'0';'0';'0';'0';'0';'0';'0';'0';'0';'0';'0'
'53';'1';'3';'1';'0';'134496342';'1';'134496343';'402653223';'402653189';'402653192';'1';'20';'10';'20';'0';'0';'0';'0';'0';'0';'0';'0';'0';'0';'0'
'54';'1';'3';'1';'0';'134496342';'1';'134496341';'402653223';'402653189';'402653192';'1';'20';'10';'20';'0';'0';'0';'0';'0';'0';'0';'0';'0';'0';'0'
'55';'1';'3';'1';'0';'134496341';'1';'134496342';'402653223';'402653189';'402653192';'1';'20';'10';'20';'0';'0';'0';'0';'0';'0';'0';'0';'0';'0';'0'
'56';'1';'3';'1';'0';'134496341';'1';'134496343';'402653223';'402653189';'402653192';'1';'20';'10';'20';'0';'0';'0';'0';'0';'0';'0';'0';'0';'0';'0'
'57';'1';'3';'1';'0';'134496343';'1';'134496342';'402653223';'402653189';'402653192';'1';'20';'10';'20';'0';'0';'0';'0';'0';'0';'0';'0';'0';'0';'0'
'58';'1';'3';'1';'0';'134496343';'1';'134496341';'402653223';'402653189';'402653192';'1';'20';'10';'20';'0';'0';'0';'0';'0';'0';'0';'0';'0';'0';'0'
'59';'1';'3';'1';'0';'134537274';'1';'134537291';'402653223';'402653189';'402653192';'1';'5';'5';'10';'0';'0';'0';'0';'0';'0';'0';'0';'0';'0';'0'
'60';'1';'3';'1';'0';'134537274';'1';'134537273';'402653223';'402653189';'402653192';'1';'5';'5';'10';'0';'0';'0';'0';'0';'0';'0';'0';'0';'0';'0'
'61';'1';'3';'1';'0';'134537273';'1';'134537274';'402653223';'402653189';'402653192';'1';'5';'5';'10';'0';'0';'0';'0';'0';'0';'0';'0';'0';'0';'0'
'62';'1';'3';'1';'0';'134537273';'1';'134537291';'402653223';'402653189';'402653192';'1';'5';'5';'10';'0';'0';'0';'0';'0';'0';'0';'0';'0';'0';'0'
'63';'1';'3';'1';'0';'134537291';'1';'134537274';'402653223';'402653189';'402653192';'1';'5';'5';'10';'0';'0';'0';'0';'0';'0';'0';'0';'0';'0';'0'
'64';'1';'3';'1';'0';'134537291';'1';'134537273';'402653223';'402653189';'402653192';'1';'5';'5';'10';'0';'0';'0';'0';'0';'0';'0';'0';'0';'0';'0'
'65';'1';'3';'1';'0';'134481986';'1';'134482003';'402653223';'402653189';'402653192';'1';'5';'5';'10';'0';'0';'0';'0';'0';'0';'0';'0';'0';'0';'0'
'66';'1';'3';'1';'0';'134481986';'1';'134481985';'402653223';'402653189';'402653192';'1';'5';'5';'10';'0';'0';'0';'0';'0';'0';'0';'0';'0';'0';'0'
'67';'1';'3';'1';'0';'134481985';'1';'134481986';'402653223';'402653189';'402653192';'1';'5';'5';'10';'0';'0';'0';'0';'0';'0';'0';'0';'0';'0';'0'
'68';'1';'3';'1';'0';'134481985';'1';'134482003';'402653223';'402653189';'402653192';'1';'5';'5';'10';'0';'0';'0';'0';'0';'0';'0';'0';'0';'0';'0'
'69';'1';'3';'1';'0';'134482003';'1';'134481985';'402653223';'402653189';'402653192';'1';'5';'5';'10';'0';'0';'0';'0';'0';'0';'0';'0';'0';'0';'0'
'70';'1';'3';'1';'0';'134482003';'1';'134481986';'402653223';'402653189';'402653192';'1';'5';'5';'10';'0';'0';'0';'0';'0';'0';'0';'0';'0';'0';'0'
'71';'1';'3';'1';'0';'134506509';'1';'134506516';'402653223';'402653189';'402653192';'1';'5';'5';'10';'0';'0';'0';'0';'0';'0';'0';'0';'0';'0';'0'
'72';'1';'3';'1';'0';'134506509';'1';'134506508';'402653223';'402653189';'402653192';'1';'5';'5';'10';'0';'0';'0';'0';'0';'0';'0';'0';'0';'0';'0'
'73';'1';'3';'1';'0';'134506508';'1';'134506509';'402653223';'402653189';'402653192';'1';'5';'5';'10';'0';'0';'0';'0';'0';'0';'0';'0';'0';'0';'0'
'74';'1';'3';'1';'0';'134506508';'1';'134506516';'402653223';'402653189';'402653192';'1';'5';'5';'10';'0';'0';'0';'0';'0';'0';'0';'0';'0';'0';'0'
'75';'1';'3';'1';'0';'134506516';'1';'134506508';'402653223';'402653189';'402653192';'1';'5';'5';'10';'0';'0';'0';'0';'0';'0';'0';'0';'0';'0';'0'
'76';'1';'3';'1';'0';'134506516';'1';'134506509';'402653223';'402653189';'402653192';'1';'5';'5';'10';'0';'0';'0';'0';'0';'0';'0';'0';'0';'0';'0'
'77';'1';'3';'1';'0';'134496370';'1';'134496369';'402653190';'402653192';'402653191';'1';'2';'30';'30';'0';'0';'0';'0';'0';'0';'0';'0';'0';'0';'0'
'78';'1';'3';'1';'0';'134496369';'1';'134496370';'402653190';'402653192';'402653191';'1';'2';'30';'30';'0';'0';'0';'0';'0';'0';'0';'0';'0';'0';'0'
'79';'1';'3';'1';'0';'134482009';'1';'134482008';'402653190';'402653192';'402653191';'1';'1';'20';'20';'0';'0';'0';'0';'0';'0';'0';'0';'0';'0';'0'
'80';'1';'3';'1';'0';'134482008';'1';'134482009';'402653190';'402653192';'402653191';'1';'1';'20';'20';'0';'0';'0';'0';'0';'0';'0';'0';'0';'0';'0'
'81';'1';'3';'1';'0';'134506519';'1';'134506518';'402653190';'402653192';'402653191';'1';'1';'20';'20';'0';'0';'0';'0';'0';'0';'0';'0';'0';'0';'0'
'82';'1';'3';'1';'0';'134506518';'1';'134506519';'402653190';'402653192';'402653191';'1';'1';'20';'20';'0';'0';'0';'0';'0';'0';'0';'0';'0';'0';'0'
'83';'1';'3';'1';'0';'134537294';'1';'134537293';'402653190';'402653192';'402653191';'1';'1';'20';'20';'0';'0';'0';'0';'0';'0';'0';'0';'0';'0';'0'
'84';'1';'3';'1';'0';'134537293';'1';'134537294';'402653190';'402653192';'402653191';'1';'1';'20';'20';'0';'0';'0';'0';'0';'0';'0';'0';'0';'0';'0'
'85';'1';'3';'1';'0';'134496346';'1';'134496347';'402653224';'402653221';'402653189';'1';'2';'3';'10';'0';'0';'0';'0';'0';'0';'0';'0';'0';'0';'0'
'86';'1';'3';'1';'0';'134496347';'1';'134496346';'402653224';'402653221';'402653189';'1';'2';'3';'10';'0';'0';'0';'0';'0';'0';'0';'0';'0';'0';'0'
'87';'1';'3';'1';'0';'134537275';'1';'134537276';'402653224';'402653221';'402653189';'1';'1';'2';'5';'0';'0';'0';'0';'0';'0';'0';'0';'0';'0';'0'
'88';'1';'3';'1';'0';'134537276';'1';'134537275';'402653224';'402653221';'402653189';'1';'1';'2';'5';'0';'0';'0';'0';'0';'0';'0';'0';'0';'0';'0'
'89';'1';'3';'1';'0';'134506510';'1';'134506511';'402653224';'402653221';'402653189';'1';'1';'2';'5';'0';'0';'0';'0';'0';'0';'0';'0';'0';'0';'0'
'90';'1';'3';'1';'0';'134506511';'1';'134506510';'402653224';'402653221';'402653189';'1';'1';'2';'5';'0';'0';'0';'0';'0';'0';'0';'0';'0';'0';'0'
'91';'1';'3';'1';'0';'134481987';'1';'134481988';'402653224';'402653221';'402653189';'1';'1';'2';'5';'0';'0';'0';'0';'0';'0';'0';'0';'0';'0';'0'
'92';'1';'3';'1';'0';'134481988';'1';'134481987';'402653224';'402653221';'402653189';'1';'1';'2';'5';'0';'0';'0';'0';'0';'0';'0';'0';'0';'0';'0'
'93';'1';'3';'1';'0';'134496323';'1';'134496324';'402653198';'402653184';'402653185';'1';'2';'8';'8';'0';'0';'0';'0';'0';'0';'0';'0';'0';'0';'0'
'94';'1';'3';'1';'0';'134496323';'1';'134496325';'402653198';'402653184';'402653185';'1';'2';'8';'8';'0';'0';'0';'0';'0';'0';'0';'0';'0';'0';'0'
'95';'1';'3';'1';'0';'134496323';'1';'134496326';'402653198';'402653184';'402653185';'1';'2';'8';'8';'0';'0';'0';'0';'0';'0';'0';'0';'0';'0';'0'
'96';'1';'3';'1';'0';'134496324';'1';'134496323';'402653198';'402653184';'402653185';'1';'2';'8';'8';'0';'0';'0';'0';'0';'0';'0';'0';'0';'0';'0'
'97';'1';'3';'1';'0';'134496324';'1';'134496325';'402653198';'402653184';'402653185';'1';'2';'8';'8';'0';'0';'0';'0';'0';'0';'0';'0';'0';'0';'0'
'98';'1';'3';'1';'0';'134496324';'1';'134496326';'402653198';'402653184';'402653185';'1';'2';'8';'8';'0';'0';'0';'0';'0';'0';'0';'0';'0';'0';'0'
'99';'1';'3';'1';'0';'134496325';'1';'134496323';'402653198';'402653184';'402653185';'1';'2';'8';'8';'0';'0';'0';'0';'0';'0';'0';'0';'0';'0';'0'
'100';'1';'3';'1';'0';'134496325';'1';'134496324';'402653198';'402653184';'402653185';'1';'2';'8';'8';'0';'0';'0';'0';'0';'0';'0';'0';'0';'0';'0'
'101';'1';'3';'1';'0';'134496325';'1';'134496326';'402653198';'402653184';'402653185';'1';'2';'8';'8';'0';'0';'0';'0';'0';'0';'0';'0';'0';'0';'0'
'102';'1';'3';'1';'0';'134496326';'1';'134496323';'402653198';'402653184';'402653185';'1';'2';'8';'8';'0';'0';'0';'0';'0';'0';'0';'0';'0';'0';'0'
'103';'1';'3';'1';'0';'134496326';'1';'134496324';'402653198';'402653184';'402653185';'1';'2';'8';'8';'0';'0';'0';'0';'0';'0';'0';'0';'0';'0';'0'
'104';'1';'3';'1';'0';'134496326';'1';'134496325';'402653198';'402653184';'402653185';'1';'2';'8';'8';'0';'0';'0';'0';'0';'0';'0';'0';'0';'0';'0'
'105';'1';'3';'1';'0';'134610947';'1';'134610948';'402653198';'402653184';'402653185';'1';'1';'5';'5';'0';'0';'0';'0';'0';'0';'0';'0';'0';'0';'0'
'106';'1';'3';'1';'0';'134610948';'1';'134610947';'402653198';'402653184';'402653185';'1';'1';'5';'5';'0';'0';'0';'0';'0';'0';'0';'0';'0';'0';'0'
'107';'1';'3';'1';'0';'134588426';'1';'134588425';'436207695';'402653188';'402653192';'1';'2';'2';'5';'0';'0';'0';'0';'0';'0';'0';'0';'0';'0';'0'
'108';'1';'3';'1';'0';'134588428';'1';'134588427';'436207695';'402653188';'402653192';'1';'2';'2';'5';'0';'0';'0';'0';'0';'0';'0';'0';'0';'0';'0'
'109';'1';'3';'1';'0';'134588425';'1';'134588426';'402653193';'402653188';'402653192';'1';'2';'2';'5';'0';'0';'0';'0';'0';'0';'0';'0';'0';'0';'0'
'110';'1';'3';'1';'0';'134588427';'1';'134588428';'402653193';'402653188';'402653192';'1';'2';'2';'5';'0';'0';'0';'0';'0';'0';'0';'0';'0';'0';'0'
'111';'1';'3';'1';'0';'134496331';'1';'134496332';'402653198';'402653184';'402653185';'1';'2';'8';'8';'0';'0';'0';'0';'0';'0';'0';'0';'0';'0';'0'
'112';'1';'3';'1';'0';'134496331';'1';'134496333';'402653198';'402653184';'402653185';'1';'2';'8';'8';'0';'0';'0';'0';'0';'0';'0';'0';'0';'0';'0'
'113';'1';'3';'1';'0';'134496332';'1';'134496331';'402653198';'402653184';'402653185';'1';'2';'8';'8';'0';'0';'0';'0';'0';'0';'0';'0';'0';'0';'0'
'114';'1';'3';'1';'0';'134496332';'1';'134496333';'402653198';'402653184';'402653185';'1';'2';'8';'8';'0';'0';'0';'0';'0';'0';'0';'0';'0';'0';'0'
'115';'1';'3';'1';'0';'134496333';'1';'134496331';'402653198';'402653184';'402653185';'1';'2';'8';'8';'0';'0';'0';'0';'0';'0';'0';'0';'0';'0';'0'
'116';'1';'3';'1';'0';'134496333';'1';'134496332';'402653198';'402653184';'402653185';'1';'2';'8';'8';'0';'0';'0';'0';'0';'0';'0';'0';'0';'0';'0'
'117';'1';'3';'1';'0';'134537264';'1';'134537265';'402653198';'402653184';'402653185';'1';'1';'5';'5';'0';'0';'0';'0';'0';'0';'0';'0';'0';'0';'0'
'118';'1';'3';'1';'0';'134537264';'1';'134537266';'402653198';'402653184';'402653185';'1';'1';'5';'5';'0';'0';'0';'0';'0';'0';'0';'0';'0';'0';'0'
'119';'1';'3';'1';'0';'134537265';'1';'134537264';'402653198';'402653184';'402653185';'1';'1';'5';'5';'0';'0';'0';'0';'0';'0';'0';'0';'0';'0';'0'
'120';'1';'3';'1';'0';'134537265';'1';'134537266';'402653198';'402653184';'402653185';'1';'1';'5';'5';'0';'0';'0';'0';'0';'0';'0';'0';'0';'0';'0'
'121';'1';'3';'1';'0';'134537266';'1';'134537264';'402653198';'402653184';'402653185';'1';'1';'5';'5';'0';'0';'0';'0';'0';'0';'0';'0';'0';'0';'0'
'122';'1';'3';'1';'0';'134537266';'1';'134537265';'402653198';'402653184';'402653185';'1';'1';'5';'5';'0';'0';'0';'0';'0';'0';'0';'0';'0';'0';'0'
'123';'1';'3';'1';'0';'134481976';'1';'134481977';'402653198';'402653184';'402653185';'1';'1';'5';'5';'0';'0';'0';'0';'0';'0';'0';'0';'0';'0';'0'
'124';'1';'3';'1';'0';'134481976';'1';'134481978';'402653198';'402653184';'402653185';'1';'1';'5';'5';'0';'0';'0';'0';'0';'0';'0';'0';'0';'0';'0'
'125';'1';'3';'1';'0';'134481977';'1';'134481976';'402653198';'402653184';'402653185';'1';'1';'5';'5';'0';'0';'0';'0';'0';'0';'0';'0';'0';'0';'0'
'126';'1';'3';'1';'0';'134481977';'1';'134481978';'402653198';'402653184';'402653185';'1';'1';'5';'5';'0';'0';'0';'0';'0';'0';'0';'0';'0';'0';'0'
'127';'1';'3';'1';'0';'134481978';'1';'134481976';'402653198';'402653184';'402653185';'1';'1';'5';'5';'0';'0';'0';'0';'0';'0';'0';'0';'0';'0';'0'
'128';'1';'3';'1';'0';'134481978';'1';'134481977';'402653198';'402653184';'402653185';'1';'1';'5';'5';'0';'0';'0';'0';'0';'0';'0';'0';'0';'0';'0'
'129';'1';'3';'1';'0';'134588429';'1';'134588430';'436207695';'402653188';'402653192';'1';'2';'2';'2';'0';'0';'0';'0';'0';'0';'0';'0';'0';'0';'0'
'130';'1';'3';'2';'0';'134758440';'1';'134758441';'402653223';'402653189';'402653192';'1';'20';'10';'20';'0';'0';'0';'0';'0';'0';'0';'0';'0';'0';'0'
'131';'1';'3';'2';'0';'134758440';'1';'134758442';'402653223';'402653189';'402653192';'1';'20';'10';'20';'0';'0';'0';'0';'0';'0';'0';'0';'0';'0';'0'
'132';'1';'3';'2';'0';'134758441';'1';'134758440';'402653223';'402653189';'402653192';'1';'20';'10';'20';'0';'0';'0';'0';'0';'0';'0';'0';'0';'0';'0'
'133';'1';'3';'2';'0';'134758441';'1';'134758442';'402653223';'402653189';'402653192';'1';'20';'10';'20';'0';'0';'0';'0';'0';'0';'0';'0';'0';'0';'0'
'134';'1';'3';'2';'0';'134758442';'1';'134758441';'402653223';'402653189';'402653192';'1';'20';'10';'20';'0';'0';'0';'0';'0';'0';'0';'0';'0';'0';'0'
'135';'1';'3';'2';'0';'134758442';'1';'134758440';'402653223';'402653189';'402653192';'1';'20';'10';'20';'0';'0';'0';'0';'0';'0';'0';'0';'0';'0';'0'
'136';'1';'3';'2';'0';'134744095';'1';'134744096';'402653223';'402653189';'402653192';'1';'5';'5';'10';'0';'0';'0';'0';'0';'0';'0';'0';'0';'0';'0'
'137';'1';'3';'2';'0';'134744095';'1';'134744097';'402653223';'402653189';'402653192';'1';'5';'5';'10';'0';'0';'0';'0';'0';'0';'0';'0';'0';'0';'0'
'138';'1';'3';'2';'0';'134744096';'1';'134744095';'402653223';'402653189';'402653192';'1';'5';'5';'10';'0';'0';'0';'0';'0';'0';'0';'0';'0';'0';'0'
'139';'1';'3';'2';'0';'134744096';'1';'134744097';'402653223';'402653189';'402653192';'1';'5';'5';'10';'0';'0';'0';'0';'0';'0';'0';'0';'0';'0';'0'
'140';'1';'3';'2';'0';'134744097';'1';'134744096';'402653223';'402653189';'402653192';'1';'5';'5';'10';'0';'0';'0';'0';'0';'0';'0';'0';'0';'0';'0'
'141';'1';'3';'2';'0';'134744097';'1';'134744095';'402653223';'402653189';'402653192';'1';'5';'5';'10';'0';'0';'0';'0';'0';'0';'0';'0';'0';'0';'0'
'142';'1';'3';'2';'0';'134776842';'1';'134776843';'402653223';'402653189';'402653192';'1';'5';'5';'10';'0';'0';'0';'0';'0';'0';'0';'0';'0';'0';'0'
'143';'1';'3';'2';'0';'134776842';'1';'134776844';'402653223';'402653189';'402653192';'1';'5';'5';'10';'0';'0';'0';'0';'0';'0';'0';'0';'0';'0';'0'
'144';'1';'3';'2';'0';'134776843';'1';'134776842';'402653223';'402653189';'402653192';'1';'5';'5';'10';'0';'0';'0';'0';'0';'0';'0';'0';'0';'0';'0'
'145';'1';'3';'2';'0';'134776843';'1';'134776844';'402653223';'402653189';'402653192';'1';'5';'5';'10';'0';'0';'0';'0';'0';'0';'0';'0';'0';'0';'0'
'146';'1';'3';'2';'0';'134776844';'1';'134776843';'402653223';'402653189';'402653192';'1';'5';'5';'10';'0';'0';'0';'0';'0';'0';'0';'0';'0';'0';'0'
'147';'1';'3';'2';'0';'134776844';'1';'134776842';'402653223';'402653189';'402653192';'1';'5';'5';'10';'0';'0';'0';'0';'0';'0';'0';'0';'0';'0';'0'
'148';'1';'3';'2';'0';'134850576';'1';'134850577';'436207695';'402653188';'402653192';'1';'2';'2';'2';'0';'0';'0';'0';'0';'0';'0';'0';'0';'0';'0'
'149';'1';'3';'3';'0';'135020606';'1';'135020605';'402653223';'402653189';'402653192';'1';'20';'10';'20';'0';'0';'0';'0';'0';'0';'0';'0';'0';'0';'0'
'150';'1';'3';'3';'0';'135020605';'1';'135020606';'402653223';'402653189';'402653192';'1';'20';'10';'20';'0';'0';'0';'0';'0';'0';'0';'0';'0';'0';'0'
'151';'1';'3';'3';'0';'135061547';'1';'135061546';'402653223';'402653189';'402653192';'1';'5';'5';'10';'0';'0';'0';'0';'0';'0';'0';'0';'0';'0';'0'
'152';'1';'3';'3';'0';'135061546';'1';'135061547';'402653223';'402653189';'402653192';'1';'5';'5';'10';'0';'0';'0';'0';'0';'0';'0';'0';'0';'0';'0'
'153';'1';'3';'3';'0';'135036943';'1';'135036942';'402653223';'402653189';'402653192';'1';'5';'5';'10';'0';'0';'0';'0';'0';'0';'0';'0';'0';'0';'0'
'154';'1';'3';'3';'0';'135036942';'1';'135036943';'402653223';'402653189';'402653192';'1';'5';'5';'10';'0';'0';'0';'0';'0';'0';'0';'0';'0';'0';'0'
'155';'1';'3';'3';'0';'135088145';'1';'135088144';'402653223';'402653189';'402653192';'1';'5';'5';'10';'0';'0';'0';'0';'0';'0';'0';'0';'0';'0';'0'
'156';'1';'3';'3';'0';'135088144';'1';'135088145';'402653223';'402653189';'402653192';'1';'5';'5';'10';'0';'0';'0';'0';'0';'0';'0';'0';'0';'0';'0'
'157';'1';'3';'3';'0';'135020625';'1';'135020624';'402653190';'402653192';'402653191';'1';'2';'30';'30';'0';'0';'0';'0';'0';'0';'0';'0';'0';'0';'0'
'158';'1';'3';'3';'0';'135020624';'1';'135020625';'402653190';'402653192';'402653191';'1';'2';'30';'30';'0';'0';'0';'0';'0';'0';'0';'0';'0';'0';'0'
'159';'1';'3';'3';'0';'135135238';'1';'135135237';'402653190';'402653192';'402653191';'1';'1';'20';'20';'0';'0';'0';'0';'0';'0';'0';'0';'0';'0';'0'
'160';'1';'3';'3';'0';'135135237';'1';'135135238';'402653190';'402653192';'402653191';'1';'1';'20';'20';'0';'0';'0';'0';'0';'0';'0';'0';'0';'0';'0'
'161';'1';'3';'3';'0';'135036953';'1';'135036952';'402653190';'402653192';'402653191';'1';'1';'20';'20';'0';'0';'0';'0';'0';'0';'0';'0';'0';'0';'0'
'162';'1';'3';'3';'0';'135036952';'1';'135036953';'402653190';'402653192';'402653191';'1';'1';'20';'20';'0';'0';'0';'0';'0';'0';'0';'0';'0';'0';'0'
'163';'1';'3';'3';'0';'135061558';'1';'135061557';'402653190';'402653192';'402653191';'1';'1';'20';'20';'0';'0';'0';'0';'0';'0';'0';'0';'0';'0';'0'
'164';'1';'3';'3';'0';'135061557';'1';'135061558';'402653190';'402653192';'402653191';'1';'1';'20';'20';'0';'0';'0';'0';'0';'0';'0';'0';'0';'0';'0'
'165';'1';'3';'3';'0';'135020608';'1';'135020609';'402653224';'402653221';'402653189';'1';'2';'3';'10';'0';'0';'0';'0';'0';'0';'0';'0';'0';'0';'0'
'166';'1';'3';'3';'0';'135020609';'1';'135020608';'402653224';'402653221';'402653189';'1';'2';'3';'10';'0';'0';'0';'0';'0';'0';'0';'0';'0';'0';'0'
'167';'1';'3';'3';'0';'135061548';'1';'135061549';'402653224';'402653221';'402653189';'1';'1';'2';'5';'0';'0';'0';'0';'0';'0';'0';'0';'0';'0';'0'
'168';'1';'3';'3';'0';'135061549';'1';'135061548';'402653224';'402653221';'402653189';'1';'1';'2';'5';'0';'0';'0';'0';'0';'0';'0';'0';'0';'0';'0'
'169';'1';'3';'3';'0';'135088146';'1';'135088147';'402653224';'402653221';'402653189';'1';'1';'2';'5';'0';'0';'0';'0';'0';'0';'0';'0';'0';'0';'0'
'170';'1';'3';'3';'0';'135088147';'1';'135088146';'402653224';'402653221';'402653189';'1';'1';'2';'5';'0';'0';'0';'0';'0';'0';'0';'0';'0';'0';'0'
'171';'1';'3';'3';'0';'135071775';'1';'135071776';'402653224';'402653221';'402653189';'1';'1';'2';'5';'0';'0';'0';'0';'0';'0';'0';'0';'0';'0';'0'
'172';'1';'3';'3';'0';'135071776';'1';'135071775';'402653224';'402653221';'402653189';'1';'1';'2';'5';'0';'0';'0';'0';'0';'0';'0';'0';'0';'0';'0'
'173';'1';'3';'3';'0';'135036944';'1';'135036945';'402653224';'402653221';'402653189';'1';'1';'2';'5';'0';'0';'0';'0';'0';'0';'0';'0';'0';'0';'0'
'174';'1';'3';'3';'0';'135036945';'1';'135036944';'402653224';'402653221';'402653189';'1';'1';'2';'5';'0';'0';'0';'0';'0';'0';'0';'0';'0';'0';'0'
'175';'1';'3';'5';'0';'135544942';'1';'135544941';'402653190';'402653192';'402653191';'1';'2';'30';'30';'0';'0';'0';'0';'0';'0';'0';'0';'0';'0';'0'
'176';'1';'3';'5';'0';'135544941';'1';'135544942';'402653190';'402653192';'402653191';'1';'2';'30';'30';'0';'0';'0';'0';'0';'0';'0';'0';'0';'0';'0'
'177';'1';'3';'5';'0';'135528494';'1';'135528493';'402653190';'402653192';'402653191';'1';'1';'20';'20';'0';'0';'0';'0';'0';'0';'0';'0';'0';'0';'0'
'178';'1';'3';'5';'0';'135528493';'1';'135528494';'402653190';'402653192';'402653191';'1';'1';'20';'20';'0';'0';'0';'0';'0';'0';'0';'0';'0';'0';'0'
'179';'1';'3';'5';'0';'135561244';'1';'135561243';'402653190';'402653192';'402653191';'1';'1';'20';'20';'0';'0';'0';'0';'0';'0';'0';'0';'0';'0';'0'
'180';'1';'3';'5';'0';'135561243';'1';'135561244';'402653190';'402653192';'402653191';'1';'1';'20';'20';'0';'0';'0';'0';'0';'0';'0';'0';'0';'0';'0'
'181';'1';'3';'5';'0';'135585874';'1';'135585873';'402653190';'402653192';'402653191';'1';'1';'20';'20';'0';'0';'0';'0';'0';'0';'0';'0';'0';'0';'0'
'182';'1';'3';'5';'0';'135585873';'1';'135585874';'402653190';'402653192';'402653191';'1';'1';'20';'20';'0';'0';'0';'0';'0';'0';'0';'0';'0';'0';'0'
'183';'1';'3';'5';'0';'135544938';'1';'135544937';'402653198';'402653221';'402653185';'1';'2';'3';'8';'0';'0';'0';'0';'0';'0';'0';'0';'0';'0';'0'
'184';'1';'3';'5';'0';'135544937';'1';'135544938';'402653198';'402653221';'402653185';'1';'2';'3';'8';'0';'0';'0';'0';'0';'0';'0';'0';'0';'0';'0'
'185';'1';'3';'5';'0';'135528489';'1';'135528488';'402653198';'402653221';'402653185';'1';'1';'2';'5';'0';'0';'0';'0';'0';'0';'0';'0';'0';'0';'0'
'186';'1';'3';'5';'0';'135528488';'1';'135528489';'402653198';'402653221';'402653185';'1';'1';'2';'5';'0';'0';'0';'0';'0';'0';'0';'0';'0';'0';'0'
'187';'1';'3';'5';'0';'135585870';'1';'135585869';'402653198';'402653221';'402653185';'1';'1';'2';'5';'0';'0';'0';'0';'0';'0';'0';'0';'0';'0';'0'
'188';'1';'3';'5';'0';'135585869';'1';'135585870';'402653198';'402653221';'402653185';'1';'1';'2';'5';'0';'0';'0';'0';'0';'0';'0';'0';'0';'0';'0'
'189';'1';'3';'5';'0';'135544916';'1';'135544917';'402653224';'402653221';'402653189';'1';'2';'3';'10';'0';'0';'0';'0';'0';'0';'0';'0';'0';'0';'0'
'190';'1';'3';'5';'0';'135544917';'1';'135544916';'402653224';'402653221';'402653189';'1';'2';'3';'10';'0';'0';'0';'0';'0';'0';'0';'0';'0';'0';'0'
'191';'1';'3';'5';'0';'135585854';'1';'135585855';'402653224';'402653221';'402653189';'1';'1';'2';'5';'0';'0';'0';'0';'0';'0';'0';'0';'0';'0';'0'
'192';'1';'3';'5';'0';'135585855';'1';'135585854';'402653224';'402653221';'402653189';'1';'1';'2';'5';'0';'0';'0';'0';'0';'0';'0';'0';'0';'0';'0'
'193';'1';'3';'5';'0';'135561238';'1';'135561239';'402653224';'402653221';'402653189';'1';'1';'2';'5';'0';'0';'0';'0';'0';'0';'0';'0';'0';'0';'0'
'194';'1';'3';'5';'0';'135561239';'1';'135561238';'402653224';'402653221';'402653189';'1';'1';'2';'5';'0';'0';'0';'0';'0';'0';'0';'0';'0';'0';'0'
'195';'1';'3';'5';'0';'135634990';'1';'135634991';'402653224';'402653221';'402653189';'1';'1';'2';'5';'0';'0';'0';'0';'0';'0';'0';'0';'0';'0';'0'
'196';'1';'3';'5';'0';'135544914';'1';'135544913';'402653223';'402653189';'402653192';'1';'20';'10';'20';'0';'0';'0';'0';'0';'0';'0';'0';'0';'0';'0'
'197';'1';'3';'5';'0';'135544913';'1';'135544914';'402653223';'402653189';'402653192';'1';'20';'10';'20';'0';'0';'0';'0';'0';'0';'0';'0';'0';'0';'0'
'198';'1';'3';'5';'0';'135585853';'1';'135585852';'402653223';'402653189';'402653192';'1';'5';'5';'10';'0';'0';'0';'0';'0';'0';'0';'0';'0';'0';'0'
'199';'1';'3';'5';'0';'135585852';'1';'135585853';'402653223';'402653189';'402653192';'1';'5';'5';'10';'0';'0';'0';'0';'0';'0';'0';'0';'0';'0';'0'
'200';'1';'3';'5';'0';'135561237';'1';'135561236';'402653223';'402653189';'402653192';'1';'5';'5';'10';'0';'0';'0';'0';'0';'0';'0';'0';'0';'0';'0'
'201';'1';'3';'5';'0';'135561236';'1';'135561237';'402653223';'402653189';'402653192';'1';'5';'5';'10';'0';'0';'0';'0';'0';'0';'0';'0';'0';'0';'0'
'202';'1';'3';'5';'0';'135634989';'1';'135634988';'402653223';'402653189';'402653192';'1';'5';'5';'10';'0';'0';'0';'0';'0';'0';'0';'0';'0';'0';'0'
'203';'1';'3';'5';'0';'135634988';'1';'135634989';'402653223';'402653189';'402653192';'1';'5';'5';'10';'0';'0';'0';'0';'0';'0';'0';'0';'0';'0';'0'
'204';'1';'3';'5';'0';'135634991';'1';'135634990';'402653224';'402653221';'402653189';'1';'1';'2';'5';'0';'0';'0';'0';'0';'0';'0';'0';'0';'0';'0'
'205';'1';'3';'5';'0';'135544902';'1';'135544901';'402653223';'402653191';'402653192';'1';'20';'20';'20';'0';'0';'0';'0';'0';'0';'0';'0';'0';'0';'0'
'206';'1';'3';'5';'0';'135544901';'1';'135544902';'402653223';'402653191';'402653192';'1';'20';'20';'20';'0';'0';'0';'0';'0';'0';'0';'0';'0';'0';'0'
'207';'1';'3';'5';'0';'135528480';'1';'135528479';'402653223';'402653191';'402653192';'1';'5';'8';'8';'0';'0';'0';'0';'0';'0';'0';'0';'0';'0';'0'
'208';'1';'3';'5';'0';'135528479';'1';'135528480';'402653223';'402653191';'402653192';'1';'5';'8';'8';'0';'0';'0';'0';'0';'0';'0';'0';'0';'0';'0'
'209';'1';'3';'5';'0';'135585843';'1';'135585842';'402653223';'402653191';'402653192';'1';'5';'8';'8';'0';'0';'0';'0';'0';'0';'0';'0';'0';'0';'0'
'210';'1';'3';'5';'0';'135585842';'1';'135585843';'402653223';'402653191';'402653192';'1';'5';'8';'8';'0';'0';'0';'0';'0';'0';'0';'0';'0';'0';'0'
'211';'1';'3';'4';'0';'135282743';'1';'135282742';'402653223';'402653189';'402653192';'1';'20';'10';'20';'0';'0';'0';'0';'0';'0';'0';'0';'0';'0';'0'
'212';'1';'3';'4';'0';'135307302';'1';'135307301';'402653223';'402653189';'402653192';'1';'5';'5';'10';'0';'0';'0';'0';'0';'0';'0';'0';'0';'0';'0'
'213';'1';'3';'4';'0';'135266335';'1';'135266334';'402653223';'402653189';'402653192';'1';'5';'5';'10';'0';'0';'0';'0';'0';'0';'0';'0';'0';'0';'0'
'214';'1';'3';'4';'0';'135290898';'1';'135290897';'402653223';'402653189';'402653192';'1';'5';'5';'10';'0';'0';'0';'0';'0';'0';'0';'0';'0';'0';'0'
'215';'1';'3';'4';'0';'135282742';'1';'135282743';'402653223';'402653189';'402653192';'1';'20';'10';'20';'0';'0';'0';'0';'0';'0';'0';'0';'0';'0';'0'
'216';'1';'3';'4';'0';'135307301';'1';'135307302';'402653223';'402653189';'402653192';'1';'5';'5';'10';'0';'0';'0';'0';'0';'0';'0';'0';'0';'0';'0'
'217';'1';'3';'4';'0';'135266334';'1';'135266335';'402653223';'402653189';'402653192';'1';'5';'5';'10';'0';'0';'0';'0';'0';'0';'0';'0';'0';'0';'0'
'218';'1';'3';'4';'0';'135290897';'1';'135290898';'402653223';'402653189';'402653192';'1';'5';'5';'10';'0';'0';'0';'0';'0';'0';'0';'0';'0';'0';'0'
'219';'1';'3';'6';'0';'135905288';'1';'135905289';'402653198';'402653184';'402653185';'1';'1';'5';'5';'0';'0';'0';'0';'0';'0';'0';'0';'0';'0';'0'
'220';'1';'3';'6';'0';'135905289';'1';'135905288';'402653198';'402653184';'402653185';'1';'1';'5';'5';'0';'0';'0';'0';'0';'0';'0';'0';'0';'0';'0'
'221';'1';'3';'6';'0';'135831632';'1';'135831633';'402653198';'402653184';'402653185';'1';'1';'5';'5';'0';'0';'0';'0';'0';'0';'0';'0';'0';'0';'0'
'222';'1';'3';'6';'0';'135831633';'1';'135831632';'402653198';'402653184';'402653185';'1';'1';'5';'5';'0';'0';'0';'0';'0';'0';'0';'0';'0';'0';'0'
'223';'1';'3';'6';'0';'135807084';'1';'135807085';'402653198';'402653184';'402653185';'1';'2';'8';'8';'0';'0';'0';'0';'0';'0';'0';'0';'0';'0';'0'
'224';'1';'3';'6';'0';'135807085';'1';'135807084';'402653198';'402653184';'402653185';'1';'2';'8';'8';'0';'0';'0';'0';'0';'0';'0';'0';'0';'0';'0'
'225';'1';'3';'6';'0';'135807090';'1';'135807089';'402653190';'402653192';'402653191';'1';'2';'30';'30';'0';'0';'0';'0';'0';'0';'0';'0';'0';'0';'0'
'226';'1';'3';'6';'0';'135807089';'1';'135807090';'402653190';'402653192';'402653191';'1';'2';'30';'30';'0';'0';'0';'0';'0';'0';'0';'0';'0';'0';'0'
'227';'1';'3';'6';'0';'135790650';'1';'135790649';'402653190';'402653192';'402653191';'1';'1';'20';'20';'0';'0';'0';'0';'0';'0';'0';'0';'0';'0';'0'
'228';'1';'3';'6';'0';'135790649';'1';'135790650';'402653190';'402653192';'402653191';'1';'1';'20';'20';'0';'0';'0';'0';'0';'0';'0';'0';'0';'0';'0'
'229';'1';'3';'6';'0';'135815187';'1';'135815186';'402653190';'402653192';'402653191';'1';'1';'20';'20';'0';'0';'0';'0';'0';'0';'0';'0';'0';'0';'0'
'230';'1';'3';'6';'0';'135815186';'1';'135815187';'402653190';'402653192';'402653191';'1';'1';'20';'20';'0';'0';'0';'0';'0';'0';'0';'0';'0';'0';'0'
'231';'1';'3';'6';'0';'135831636';'1';'135831635';'402653190';'402653192';'402653191';'1';'1';'20';'20';'0';'0';'0';'0';'0';'0';'0';'0';'0';'0';'0'
'232';'1';'3';'6';'0';'135831635';'1';'135831636';'402653190';'402653192';'402653191';'1';'1';'20';'20';'0';'0';'0';'0';'0';'0';'0';'0';'0';'0';'0'
'233';'1';'3';'6';'0';'135807068';'1';'135807069';'402653224';'402653221';'402653189';'1';'2';'3';'10';'0';'0';'0';'0';'0';'0';'0';'0';'0';'0';'0'
'234';'1';'3';'6';'0';'135807069';'1';'135807068';'402653224';'402653221';'402653189';'1';'2';'3';'10';'0';'0';'0';'0';'0';'0';'0';'0';'0';'0';'0'
'235';'1';'3';'6';'0';'135831623';'1';'135831624';'402653224';'402653221';'402653189';'1';'1';'2';'5';'0';'0';'0';'0';'0';'0';'0';'0';'0';'0';'0'
'236';'1';'3';'6';'0';'135831624';'1';'135831623';'402653224';'402653221';'402653189';'1';'1';'2';'5';'0';'0';'0';'0';'0';'0';'0';'0';'0';'0';'0'
'237';'1';'3';'6';'0';'135815181';'1';'135815182';'402653224';'402653221';'402653189';'1';'1';'2';'5';'0';'0';'0';'0';'0';'0';'0';'0';'0';'0';'0'
'238';'1';'3';'6';'0';'135815182';'1';'135815181';'402653224';'402653221';'402653189';'1';'1';'2';'5';'0';'0';'0';'0';'0';'0';'0';'0';'0';'0';'0'
'239';'1';'3';'6';'0';'135847980';'1';'135847982';'402653224';'402653221';'402653189';'1';'1';'2';'5';'0';'0';'0';'0';'0';'0';'0';'0';'0';'0';'0'
'240';'1';'3';'6';'0';'135847982';'1';'135847980';'402653224';'402653221';'402653189';'1';'1';'2';'5';'0';'0';'0';'0';'0';'0';'0';'0';'0';'0';'0'
'241';'1';'3';'6';'0';'135807064';'1';'135807063';'402653223';'402653189';'402653192';'1';'20';'10';'20';'0';'0';'0';'0';'0';'0';'0';'0';'0';'0';'0'
'242';'1';'3';'6';'0';'135807064';'1';'135807062';'402653223';'402653189';'402653192';'1';'20';'10';'20';'0';'0';'0';'0';'0';'0';'0';'0';'0';'0';'0'
'243';'1';'3';'6';'0';'135807062';'1';'135807064';'402653223';'402653189';'402653192';'1';'20';'10';'20';'0';'0';'0';'0';'0';'0';'0';'0';'0';'0';'0'
'244';'1';'3';'6';'0';'135807062';'1';'135807063';'402653223';'402653189';'402653192';'1';'20';'10';'20';'0';'0';'0';'0';'0';'0';'0';'0';'0';'0';'0'
'245';'1';'3';'6';'0';'135807063';'1';'135807062';'402653223';'402653189';'402653192';'1';'20';'10';'20';'0';'0';'0';'0';'0';'0';'0';'0';'0';'0';'0'
'246';'1';'3';'6';'0';'135807063';'1';'135807064';'402653223';'402653189';'402653192';'1';'20';'10';'20';'0';'0';'0';'0';'0';'0';'0';'0';'0';'0';'0'
'247';'1';'3';'6';'0';'135831622';'1';'135831621';'402653223';'402653189';'402653192';'1';'5';'5';'10';'0';'0';'0';'0';'0';'0';'0';'0';'0';'0';'0'
'248';'1';'3';'6';'0';'135831622';'1';'135831620';'402653223';'402653189';'402653192';'1';'5';'5';'10';'0';'0';'0';'0';'0';'0';'0';'0';'0';'0';'0'
'249';'1';'3';'6';'0';'135831620';'1';'135831622';'402653223';'402653189';'402653192';'1';'5';'5';'10';'0';'0';'0';'0';'0';'0';'0';'0';'0';'0';'0'
'250';'1';'3';'6';'0';'135831620';'1';'135831621';'402653223';'402653189';'402653192';'1';'5';'5';'10';'0';'0';'0';'0';'0';'0';'0';'0';'0';'0';'0'
'251';'1';'3';'6';'0';'135831621';'1';'135831620';'402653223';'402653189';'402653192';'1';'5';'5';'10';'0';'0';'0';'0';'0';'0';'0';'0';'0';'0';'0'
'252';'1';'3';'6';'0';'135831621';'1';'135831622';'402653223';'402653189';'402653192';'1';'5';'5';'10';'0';'0';'0';'0';'0';'0';'0';'0';'0';'0';'0'
'253';'1';'3';'6';'0';'135790636';'1';'135790645';'402653223';'402653189';'402653192';'1';'5';'5';'10';'0';'0';'0';'0';'0';'0';'0';'0';'0';'0';'0'
'254';'1';'3';'6';'0';'135790636';'1';'135790635';'402653223';'402653189';'402653192';'1';'5';'5';'10';'0';'0';'0';'0';'0';'0';'0';'0';'0';'0';'0'
'255';'1';'3';'6';'0';'135790635';'1';'135790636';'402653223';'402653189';'402653192';'1';'5';'5';'10';'0';'0';'0';'0';'0';'0';'0';'0';'0';'0';'0'
'256';'1';'3';'6';'0';'135790635';'1';'135790645';'402653223';'402653189';'402653192';'1';'5';'5';'10';'0';'0';'0';'0';'0';'0';'0';'0';'0';'0';'0'
'257';'1';'3';'6';'0';'135790645';'1';'135790635';'402653223';'402653189';'402653192';'1';'5';'5';'10';'0';'0';'0';'0';'0';'0';'0';'0';'0';'0';'0'
'258';'1';'3';'6';'0';'135790645';'1';'135790636';'402653223';'402653189';'402653192';'1';'5';'5';'10';'0';'0';'0';'0';'0';'0';'0';'0';'0';'0';'0'
'259';'1';'3';'6';'0';'135815180';'1';'135815179';'402653223';'402653189';'402653192';'1';'5';'5';'10';'0';'0';'0';'0';'0';'0';'0';'0';'0';'0';'0'
'260';'1';'3';'6';'0';'135815180';'1';'135815178';'402653223';'402653189';'402653192';'1';'5';'5';'10';'0';'0';'0';'0';'0';'0';'0';'0';'0';'0';'0'
'261';'1';'3';'6';'0';'135815178';'1';'135815180';'402653223';'402653189';'402653192';'1';'5';'5';'10';'0';'0';'0';'0';'0';'0';'0';'0';'0';'0';'0'
'262';'1';'3';'6';'0';'135815178';'1';'135815179';'402653223';'402653189';'402653192';'1';'5';'5';'10';'0';'0';'0';'0';'0';'0';'0';'0';'0';'0';'0'
'263';'1';'3';'6';'0';'135815179';'1';'135815178';'402653223';'402653189';'402653192';'1';'5';'5';'10';'0';'0';'0';'0';'0';'0';'0';'0';'0';'0';'0'
'264';'1';'3';'6';'0';'135815179';'1';'135815180';'402653223';'402653189';'402653192';'1';'5';'5';'10';'0';'0';'0';'0';'0';'0';'0';'0';'0';'0';'0'
'265';'1';'3';'6';'0';'135807015';'1';'135807016';'402653198';'402653184';'402653185';'1';'2';'8';'8';'0';'0';'0';'0';'0';'0';'0';'0';'0';'0';'0'
'266';'1';'3';'6';'0';'135807016';'1';'135807015';'402653198';'402653184';'402653185';'1';'2';'8';'8';'0';'0';'0';'0';'0';'0';'0';'0';'0';'0';'0'
'267';'1';'3';'6';'0';'135831582';'1';'135831583';'402653198';'402653184';'402653185';'1';'1';'5';'5';'0';'0';'0';'0';'0';'0';'0';'0';'0';'0';'0'
'268';'1';'3';'6';'0';'135831583';'1';'135831582';'402653198';'402653184';'402653185';'1';'1';'5';'5';'0';'0';'0';'0';'0';'0';'0';'0';'0';'0';'0'
'269';'1';'3';'6';'0';'135790621';'1';'135790622';'402653198';'402653184';'402653185';'1';'1';'5';'5';'0';'0';'0';'0';'0';'0';'0';'0';'0';'0';'0'
'270';'1';'3';'6';'0';'135790622';'1';'135790621';'402653198';'402653184';'402653185';'1';'1';'5';'5';'0';'0';'0';'0';'0';'0';'0';'0';'0';'0';'0'
'271';'1';'3';'6';'0';'135807050';'1';'135807051';'402653198';'402653184';'402653185';'1';'2';'8';'8';'0';'0';'0';'0';'0';'0';'0';'0';'0';'0';'0'
'272';'1';'3';'6';'0';'135807050';'1';'135807052';'402653198';'402653184';'402653185';'1';'2';'8';'8';'0';'0';'0';'0';'0';'0';'0';'0';'0';'0';'0'
'273';'1';'3';'6';'0';'135807051';'1';'135807050';'402653198';'402653184';'402653185';'1';'2';'8';'8';'0';'0';'0';'0';'0';'0';'0';'0';'0';'0';'0'
'274';'1';'3';'6';'0';'135807051';'1';'135807052';'402653198';'402653184';'402653185';'1';'2';'8';'8';'0';'0';'0';'0';'0';'0';'0';'0';'0';'0';'0'
'275';'1';'3';'6';'0';'135807052';'1';'135807050';'402653198';'402653184';'402653185';'1';'2';'8';'8';'0';'0';'0';'0';'0';'0';'0';'0';'0';'0';'0'
'276';'1';'3';'6';'0';'135807052';'1';'135807051';'402653198';'402653184';'402653185';'1';'2';'8';'8';'0';'0';'0';'0';'0';'0';'0';'0';'0';'0';'0'
'277';'1';'3';'6';'0';'135831609';'1';'135831610';'402653198';'402653184';'402653185';'1';'1';'5';'5';'0';'0';'0';'0';'0';'0';'0';'0';'0';'0';'0'
'278';'1';'3';'6';'0';'135831609';'1';'135831611';'402653198';'402653184';'402653185';'1';'1';'5';'5';'0';'0';'0';'0';'0';'0';'0';'0';'0';'0';'0'
'279';'1';'3';'6';'0';'135831610';'1';'135831609';'402653198';'402653184';'402653185';'1';'1';'5';'5';'0';'0';'0';'0';'0';'0';'0';'0';'0';'0';'0'
'280';'1';'3';'6';'0';'135831610';'1';'135831611';'402653198';'402653184';'402653185';'1';'1';'5';'5';'0';'0';'0';'0';'0';'0';'0';'0';'0';'0';'0'
'281';'1';'3';'6';'0';'135831611';'1';'135831609';'402653198';'402653184';'402653185';'1';'1';'5';'5';'0';'0';'0';'0';'0';'0';'0';'0';'0';'0';'0'
'282';'1';'3';'6';'0';'135831611';'1';'135831610';'402653198';'402653184';'402653185';'1';'1';'5';'5';'0';'0';'0';'0';'0';'0';'0';'0';'0';'0';'0'
'283';'1';'3';'6';'0';'135790629';'1';'135790630';'402653198';'402653184';'402653185';'1';'1';'5';'5';'0';'0';'0';'0';'0';'0';'0';'0';'0';'0';'0'
'284';'1';'3';'6';'0';'135790629';'1';'135790631';'402653198';'402653184';'402653185';'1';'1';'5';'5';'0';'0';'0';'0';'0';'0';'0';'0';'0';'0';'0'
'285';'1';'3';'6';'0';'135790630';'1';'135790629';'402653198';'402653184';'402653185';'1';'1';'5';'5';'0';'0';'0';'0';'0';'0';'0';'0';'0';'0';'0'
'286';'1';'3';'6';'0';'135790630';'1';'135790631';'402653198';'402653184';'402653185';'1';'1';'5';'5';'0';'0';'0';'0';'0';'0';'0';'0';'0';'0';'0'
'287';'1';'3';'6';'0';'135790631';'1';'135790629';'402653198';'402653184';'402653185';'1';'1';'5';'5';'0';'0';'0';'0';'0';'0';'0';'0';'0';'0';'0'
'288';'1';'3';'6';'0';'135790631';'1';'135790630';'402653198';'402653184';'402653185';'1';'1';'5';'5';'0';'0';'0';'0';'0';'0';'0';'0';'0';'0';'0'
'289';'1';'3';'7';'0';'136069165';'1';'136069164';'402653223';'402653189';'402653192';'1';'20';'10';'20';'0';'0';'0';'0';'0';'0';'0';'0';'0';'0';'0'
'290';'1';'3';'7';'0';'136069164';'1';'136069165';'402653223';'402653189';'402653192';'1';'20';'10';'20';'0';'0';'0';'0';'0';'0';'0';'0';'0';'0';'0'
'291';'1';'3';'7';'0';'136052759';'1';'136052758';'402653223';'402653189';'402653192';'1';'5';'5';'10';'0';'0';'0';'0';'0';'0';'0';'0';'0';'0';'0'
'292';'1';'3';'7';'0';'136052758';'1';'136052759';'402653223';'402653189';'402653192';'1';'5';'5';'10';'0';'0';'0';'0';'0';'0';'0';'0';'0';'0';'0'
'293';'1';'3';'7';'0';'136085514';'1';'136085513';'402653223';'402653189';'402653192';'1';'5';'5';'10';'0';'0';'0';'0';'0';'0';'0';'0';'0';'0';'0'
'294';'1';'3';'7';'0';'136085513';'1';'136085514';'402653223';'402653189';'402653192';'1';'5';'5';'10';'0';'0';'0';'0';'0';'0';'0';'0';'0';'0';'0'
'295';'1';'3';'7';'0';'136069153';'1';'136069152';'402653223';'402653191';'402653192';'1';'10';'10';'10';'0';'0';'0';'0';'0';'0';'0';'0';'0';'0';'0'
'296';'1';'3';'7';'0';'136069152';'1';'136069153';'402653223';'402653191';'402653192';'1';'10';'10';'10';'0';'0';'0';'0';'0';'0';'0';'0';'0';'0';'0'
'297';'1';'3';'7';'0';'136093713';'1';'136093712';'402653223';'402653191';'402653192';'1';'10';'10';'10';'0';'0';'0';'0';'0';'0';'0';'0';'0';'0';'0'
'298';'1';'3';'7';'0';'136093712';'1';'136093713';'402653223';'402653191';'402653192';'1';'10';'10';'10';'0';'0';'0';'0';'0';'0';'0';'0';'0';'0';'0'
'299';'1';'3';'7';'0';'136110106';'1';'136110105';'402653223';'402653191';'402653192';'1';'5';'8';'8';'0';'0';'0';'0';'0';'0';'0';'0';'0';'0';'0'
'300';'1';'3';'7';'0';'136110105';'1';'136110106';'402653223';'402653191';'402653192';'1';'5';'8';'8';'0';'0';'0';'0';'0';'0';'0';'0';'0';'0';'0'
'301';'1';'3';'7';'0';'136052753';'1';'136052752';'402653223';'402653191';'402653192';'1';'5';'8';'8';'0';'0';'0';'0';'0';'0';'0';'0';'0';'0';'0'
'302';'1';'3';'7';'0';'136052752';'1';'136052753';'402653223';'402653191';'402653192';'1';'5';'8';'8';'0';'0';'0';'0';'0';'0';'0';'0';'0';'0';'0'
'303';'1';'3';'3';'0';'135071767';'1';'135071768';'436207695';'402653188';'402653192';'1';'2';'2';'2';'0';'0';'0';'0';'0';'0';'0';'0';'0';'0';'0'
'304';'1';'3';'4';'0';'135372816';'1';'135372817';'436207695';'402653188';'402653192';'1';'2';'2';'2';'0';'0';'0';'0';'0';'0';'0';'0';'0';'0';'0'
'305';'1';'3';'5';'0';'135634973';'1';'135634974';'436207695';'402653188';'402653192';'1';'2';'2';'2';'0';'0';'0';'0';'0';'0';'0';'0';'0';'0';'0'
'306';'1';'3';'6';'0';'135847972';'1';'135847973';'436207695';'402653188';'402653192';'1';'2';'2';'2';'0';'0';'0';'0';'0';'0';'0';'0';'0';'0';'0'
'307';'1';'3';'7';'0';'136153098';'1';'136153099';'436207695';'402653188';'402653192';'1';'2';'2';'2';'0';'0';'0';'0';'0';'0';'0';'0';'0';'0';'0'
'308';'1';'3';'0';'0';'134219822';'1';'134219821';'402653194';'402653188';'402653192';'1';'2';'2';'2';'0';'0';'0';'0';'0';'0';'0';'0';'0';'0';'0'
'309';'1';'3';'1';'0';'134588430';'1';'134588429';'402653194';'402653188';'402653192';'1';'2';'2';'2';'0';'0';'0';'0';'0';'0';'0';'0';'0';'0';'0'
'310';'1';'3';'2';'0';'134850577';'1';'134850576';'402653194';'402653188';'402653192';'1';'2';'2';'2';'0';'0';'0';'0';'0';'0';'0';'0';'0';'0';'0'
'311';'1';'3';'3';'0';'135071768';'1';'135071767';'402653194';'402653188';'402653192';'1';'2';'2';'2';'0';'0';'0';'0';'0';'0';'0';'0';'0';'0';'0'
'312';'1';'3';'4';'0';'135372817';'1';'135372816';'402653194';'402653188';'402653192';'1';'2';'2';'2';'0';'0';'0';'0';'0';'0';'0';'0';'0';'0';'0'
'313';'1';'3';'5';'0';'135634974';'1';'135634973';'402653194';'402653188';'402653192';'1';'2';'2';'2';'0';'0';'0';'0';'0';'0';'0';'0';'0';'0';'0'
'314';'1';'3';'6';'0';'135847973';'1';'135847972';'402653194';'402653188';'402653192';'1';'2';'2';'2';'0';'0';'0';'0';'0';'0';'0';'0';'0';'0';'0'
'315';'1';'3';'7';'0';'136153099';'1';'136153098';'402653194';'402653188';'402653192';'1';'2';'2';'2';'0';'0';'0';'0';'0';'0';'0';'0';'0';'0';'0'
'316';'1';'3';'1';'0';'134588431';'1';'134588432';'436207695';'402653188';'402653192';'1';'2';'2';'2';'0';'0';'0';'0';'0';'0';'0';'0';'0';'0';'0'
'317';'1';'3';'3';'0';'135071769';'1';'135071770';'436207695';'402653188';'402653192';'1';'2';'2';'2';'0';'0';'0';'0';'0';'0';'0';'0';'0';'0';'0'
'318';'1';'3';'5';'0';'135634975';'1';'135634976';'436207695';'402653188';'402653192';'1';'2';'2';'2';'0';'0';'0';'0';'0';'0';'0';'0';'0';'0';'0'
'319';'1';'3';'6';'0';'135847974';'1';'135847975';'436207695';'402653188';'402653192';'1';'2';'2';'2';'0';'0';'0';'0';'0';'0';'0';'0';'0';'0';'0'
'320';'1';'3';'1';'0';'134588432';'1';'134588431';'402653194';'402653188';'402653192';'1';'2';'2';'2';'0';'0';'0';'0';'0';'0';'0';'0';'0';'0';'0'
'321';'1';'3';'3';'0';'135071770';'1';'135071769';'402653194';'402653188';'402653192';'1';'2';'2';'2';'0';'0';'0';'0';'0';'0';'0';'0';'0';'0';'0'
'322';'1';'3';'5';'0';'135634976';'1';'135634975';'402653194';'402653188';'402653192';'1';'2';'2';'2';'0';'0';'0';'0';'0';'0';'0';'0';'0';'0';'0'
'323';'1';'3';'6';'0';'135847975';'1';'135847974';'402653194';'402653188';'402653192';'1';'2';'2';'2';'0';'0';'0';'0';'0';'0';'0';'0';'0';'0';'0'
'324';'1';'3';'0';'0';'134219817';'1';'134219816';'436207695';'402653188';'402653192';'1';'2';'2';'5';'0';'0';'0';'0';'0';'0';'0';'0';'0';'0';'0'
'325';'1';'3';'0';'0';'134219819';'1';'134219818';'436207695';'402653188';'402653192';'1';'2';'2';'5';'0';'0';'0';'0';'0';'0';'0';'0';'0';'0';'0'
'326';'1';'3';'0';'0';'134219816';'1';'134219817';'402653193';'402653188';'402653192';'1';'2';'2';'5';'0';'0';'0';'0';'0';'0';'0';'0';'0';'0';'0'
'327';'1';'3';'0';'0';'134219818';'1';'134219819';'402653193';'402653188';'402653192';'1';'2';'2';'5';'0';'0';'0';'0';'0';'0';'0';'0';'0';'0';'0'
'328';'1';'3';'2';'0';'134850573';'1';'134850572';'436207695';'402653188';'402653192';'1';'2';'2';'5';'0';'0';'0';'0';'0';'0';'0';'0';'0';'0';'0'
'329';'1';'3';'2';'0';'134850575';'1';'134850574';'436207695';'402653188';'402653192';'1';'2';'2';'5';'0';'0';'0';'0';'0';'0';'0';'0';'0';'0';'0'
'330';'1';'3';'2';'0';'134850572';'1';'134850573';'402653193';'402653188';'402653192';'1';'2';'2';'5';'0';'0';'0';'0';'0';'0';'0';'0';'0';'0';'0'
'331';'1';'3';'2';'0';'134850574';'1';'134850575';'402653193';'402653188';'402653192';'1';'2';'2';'5';'0';'0';'0';'0';'0';'0';'0';'0';'0';'0';'0'
'332';'1';'3';'3';'0';'135020595';'1';'135020596';'402653198';'402653184';'402653185';'1';'2';'8';'8';'0';'0';'0';'0';'0';'0';'0';'0';'0';'0';'0'
'333';'1';'3';'3';'0';'135020595';'1';'135020597';'402653198';'402653184';'402653185';'1';'2';'8';'8';'0';'0';'0';'0';'0';'0';'0';'0';'0';'0';'0'
'334';'1';'3';'3';'0';'135020596';'1';'135020595';'402653198';'402653184';'402653185';'1';'2';'8';'8';'0';'0';'0';'0';'0';'0';'0';'0';'0';'0';'0'
'335';'1';'3';'3';'0';'135020596';'1';'135020597';'402653198';'402653184';'402653185';'1';'2';'8';'8';'0';'0';'0';'0';'0';'0';'0';'0';'0';'0';'0'
'336';'1';'3';'3';'0';'135020597';'1';'135020595';'402653198';'402653184';'402653185';'1';'2';'8';'8';'0';'0';'0';'0';'0';'0';'0';'0';'0';'0';'0'
'337';'1';'3';'3';'0';'135020597';'1';'135020596';'402653198';'402653184';'402653185';'1';'2';'8';'8';'0';'0';'0';'0';'0';'0';'0';'0';'0';'0';'0'
'338';'1';'3';'3';'0';'135004187';'1';'135004188';'402653198';'402653184';'402653185';'1';'1';'5';'5';'0';'0';'0';'0';'0';'0';'0';'0';'0';'0';'0'
'339';'1';'3';'3';'0';'135004187';'1';'135004189';'402653198';'402653184';'402653185';'1';'1';'5';'5';'0';'0';'0';'0';'0';'0';'0';'0';'0';'0';'0'
'340';'1';'3';'3';'0';'135004188';'1';'135004187';'402653198';'402653184';'402653185';'1';'1';'5';'5';'0';'0';'0';'0';'0';'0';'0';'0';'0';'0';'0'
'341';'1';'3';'3';'0';'135004188';'1';'135004189';'402653198';'402653184';'402653185';'1';'1';'5';'5';'0';'0';'0';'0';'0';'0';'0';'0';'0';'0';'0'
'342';'1';'3';'3';'0';'135004189';'1';'135004187';'402653198';'402653184';'402653185';'1';'1';'5';'5';'0';'0';'0';'0';'0';'0';'0';'0';'0';'0';'0'
'343';'1';'3';'3';'0';'135004189';'1';'135004188';'402653198';'402653184';'402653185';'1';'1';'5';'5';'0';'0';'0';'0';'0';'0';'0';'0';'0';'0';'0'
'344';'1';'3';'3';'0';'135071764';'1';'135071763';'436207695';'402653188';'402653192';'1';'2';'2';'5';'0';'0';'0';'0';'0';'0';'0';'0';'0';'0';'0'
'345';'1';'3';'3';'0';'135071766';'1';'135071765';'436207695';'402653188';'402653192';'1';'2';'2';'5';'0';'0';'0';'0';'0';'0';'0';'0';'0';'0';'0'
'346';'1';'3';'3';'0';'135071763';'1';'135071764';'402653193';'402653188';'402653192';'1';'2';'2';'5';'0';'0';'0';'0';'0';'0';'0';'0';'0';'0';'0'
'347';'1';'3';'3';'0';'135071765';'1';'135071766';'402653193';'402653188';'402653192';'1';'2';'2';'5';'0';'0';'0';'0';'0';'0';'0';'0';'0';'0';'0'
'348';'1';'3';'4';'0';'135372813';'1';'135372812';'436207695';'402653188';'402653192';'1';'2';'2';'5';'0';'0';'0';'0';'0';'0';'0';'0';'0';'0';'0'
'349';'1';'3';'4';'0';'135372815';'1';'135372814';'436207695';'402653188';'402653192';'1';'2';'2';'5';'0';'0';'0';'0';'0';'0';'0';'0';'0';'0';'0'
'350';'1';'3';'4';'0';'135372812';'1';'135372813';'402653193';'402653188';'402653192';'1';'2';'2';'5';'0';'0';'0';'0';'0';'0';'0';'0';'0';'0';'0'
'351';'1';'3';'4';'0';'135372814';'1';'135372815';'402653193';'402653188';'402653192';'1';'2';'2';'5';'0';'0';'0';'0';'0';'0';'0';'0';'0';'0';'0'
'352';'1';'3';'5';'0';'135544897';'1';'135544898';'402653198';'402653184';'402653185';'1';'2';'8';'8';'0';'0';'0';'0';'0';'0';'0';'0';'0';'0';'0'
'353';'1';'3';'5';'0';'135544897';'1';'135544899';'402653198';'402653184';'402653185';'1';'2';'8';'8';'0';'0';'0';'0';'0';'0';'0';'0';'0';'0';'0'
'354';'1';'3';'5';'0';'135544897';'1';'135544900';'402653198';'402653184';'402653185';'1';'2';'8';'8';'0';'0';'0';'0';'0';'0';'0';'0';'0';'0';'0'
'355';'1';'3';'5';'0';'135544898';'1';'135544897';'402653198';'402653184';'402653185';'1';'2';'8';'8';'0';'0';'0';'0';'0';'0';'0';'0';'0';'0';'0'
'356';'1';'3';'5';'0';'135544898';'1';'135544899';'402653198';'402653184';'402653185';'1';'2';'8';'8';'0';'0';'0';'0';'0';'0';'0';'0';'0';'0';'0'
'357';'1';'3';'5';'0';'135544898';'1';'135544900';'402653198';'402653184';'402653185';'1';'2';'8';'8';'0';'0';'0';'0';'0';'0';'0';'0';'0';'0';'0'
'358';'1';'3';'5';'0';'135544899';'1';'135544897';'402653198';'402653184';'402653185';'1';'2';'8';'8';'0';'0';'0';'0';'0';'0';'0';'0';'0';'0';'0'
'359';'1';'3';'5';'0';'135544899';'1';'135544898';'402653198';'402653184';'402653185';'1';'2';'8';'8';'0';'0';'0';'0';'0';'0';'0';'0';'0';'0';'0'
'360';'1';'3';'5';'0';'135544899';'1';'135544900';'402653198';'402653184';'402653185';'1';'2';'8';'8';'0';'0';'0';'0';'0';'0';'0';'0';'0';'0';'0'
'361';'1';'3';'5';'0';'135544900';'1';'135544897';'402653198';'402653184';'402653185';'1';'2';'8';'8';'0';'0';'0';'0';'0';'0';'0';'0';'0';'0';'0'
'362';'1';'3';'5';'0';'135544900';'1';'135544898';'402653198';'402653184';'402653185';'1';'2';'8';'8';'0';'0';'0';'0';'0';'0';'0';'0';'0';'0';'0'
'363';'1';'3';'5';'0';'135544900';'1';'135544899';'402653198';'402653184';'402653185';'1';'2';'8';'8';'0';'0';'0';'0';'0';'0';'0';'0';'0';'0';'0'
'364';'1';'3';'5';'0';'135634979';'1';'135634980';'402653198';'402653184';'402653185';'1';'1';'5';'5';'0';'0';'0';'0';'0';'0';'0';'0';'0';'0';'0'
'365';'1';'3';'5';'0';'135634979';'1';'135634981';'402653198';'402653184';'402653185';'1';'1';'5';'5';'0';'0';'0';'0';'0';'0';'0';'0';'0';'0';'0'
'366';'1';'3';'5';'0';'135634979';'1';'135634982';'402653198';'402653184';'402653185';'1';'1';'5';'5';'0';'0';'0';'0';'0';'0';'0';'0';'0';'0';'0'
'367';'1';'3';'5';'0';'135634980';'1';'135634979';'402653198';'402653184';'402653185';'1';'1';'5';'5';'0';'0';'0';'0';'0';'0';'0';'0';'0';'0';'0'
'368';'1';'3';'5';'0';'135634980';'1';'135634981';'402653198';'402653184';'402653185';'1';'1';'5';'5';'0';'0';'0';'0';'0';'0';'0';'0';'0';'0';'0'
'369';'1';'3';'5';'0';'135634980';'1';'135634982';'402653198';'402653184';'402653185';'1';'1';'5';'5';'0';'0';'0';'0';'0';'0';'0';'0';'0';'0';'0'
'370';'1';'3';'5';'0';'135634981';'1';'135634979';'402653198';'402653184';'402653185';'1';'1';'5';'5';'0';'0';'0';'0';'0';'0';'0';'0';'0';'0';'0'
'371';'1';'3';'5';'0';'135634981';'1';'135634980';'402653198';'402653184';'402653185';'1';'1';'5';'5';'0';'0';'0';'0';'0';'0';'0';'0';'0';'0';'0'
'372';'1';'3';'5';'0';'135634981';'1';'135634982';'402653198';'402653184';'402653185';'1';'1';'5';'5';'0';'0';'0';'0';'0';'0';'0';'0';'0';'0';'0'
'373';'1';'3';'5';'0';'135634982';'1';'135634979';'402653198';'402653184';'402653185';'1';'1';'5';'5';'0';'0';'0';'0';'0';'0';'0';'0';'0';'0';'0'
'374';'1';'3';'5';'0';'135634982';'1';'135634980';'402653198';'402653184';'402653185';'1';'1';'5';'5';'0';'0';'0';'0';'0';'0';'0';'0';'0';'0';'0'
'375';'1';'3';'5';'0';'135634982';'1';'135634981';'402653198';'402653184';'402653185';'1';'1';'5';'5';'0';'0';'0';'0';'0';'0';'0';'0';'0';'0';'0'
'376';'1';'3';'5';'0';'135634969';'1';'135634968';'436207695';'402653188';'402653192';'1';'2';'2';'5';'0';'0';'0';'0';'0';'0';'0';'0';'0';'0';'0'
'377';'1';'3';'5';'0';'135634971';'1';'135634970';'436207695';'402653188';'402653192';'1';'2';'2';'5';'0';'0';'0';'0';'0';'0';'0';'0';'0';'0';'0'
'378';'1';'3';'5';'0';'135634968';'1';'135634969';'402653193';'402653188';'402653192';'1';'2';'2';'5';'0';'0';'0';'0';'0';'0';'0';'0';'0';'0';'0'
'379';'1';'3';'5';'0';'135634970';'1';'135634971';'402653193';'402653188';'402653192';'1';'2';'2';'5';'0';'0';'0';'0';'0';'0';'0';'0';'0';'0';'0'
'380';'1';'3';'6';'0';'135807047';'1';'135807048';'402653198';'402653184';'402653185';'1';'2';'8';'8';'0';'0';'0';'0';'0';'0';'0';'0';'0';'0';'0'
'381';'1';'3';'6';'0';'135807047';'1';'135807049';'402653198';'402653184';'402653185';'1';'2';'8';'8';'0';'0';'0';'0';'0';'0';'0';'0';'0';'0';'0'
'382';'1';'3';'6';'0';'135807048';'1';'135807047';'402653198';'402653184';'402653185';'1';'2';'8';'8';'0';'0';'0';'0';'0';'0';'0';'0';'0';'0';'0'
'383';'1';'3';'6';'0';'135807048';'1';'135807049';'402653198';'402653184';'402653185';'1';'2';'8';'8';'0';'0';'0';'0';'0';'0';'0';'0';'0';'0';'0'
'384';'1';'3';'6';'0';'135807049';'1';'135807047';'402653198';'402653184';'402653185';'1';'2';'8';'8';'0';'0';'0';'0';'0';'0';'0';'0';'0';'0';'0'
'385';'1';'3';'6';'0';'135807049';'1';'135807048';'402653198';'402653184';'402653185';'1';'2';'8';'8';'0';'0';'0';'0';'0';'0';'0';'0';'0';'0';'0'
'386';'1';'3';'6';'0';'135905284';'1';'135905285';'402653198';'402653184';'402653185';'1';'1';'5';'5';'0';'0';'0';'0';'0';'0';'0';'0';'0';'0';'0'
'387';'1';'3';'6';'0';'135905284';'1';'135905286';'402653198';'402653184';'402653185';'1';'1';'5';'5';'0';'0';'0';'0';'0';'0';'0';'0';'0';'0';'0'
'388';'1';'3';'6';'0';'135905285';'1';'135905284';'402653198';'402653184';'402653185';'1';'1';'5';'5';'0';'0';'0';'0';'0';'0';'0';'0';'0';'0';'0'
'389';'1';'3';'6';'0';'135905285';'1';'135905286';'402653198';'402653184';'402653185';'1';'1';'5';'5';'0';'0';'0';'0';'0';'0';'0';'0';'0';'0';'0'
'390';'1';'3';'6';'0';'135905286';'1';'135905284';'402653198';'402653184';'402653185';'1';'1';'5';'5';'0';'0';'0';'0';'0';'0';'0';'0';'0';'0';'0'
'391';'1';'3';'6';'0';'135905286';'1';'135905285';'402653198';'402653184';'402653185';'1';'1';'5';'5';'0';'0';'0';'0';'0';'0';'0';'0';'0';'0';'0'
'392';'1';'3';'6';'0';'135847965';'1';'135847964';'436207695';'402653188';'402653192';'1';'2';'2';'5';'0';'0';'0';'0';'0';'0';'0';'0';'0';'0';'0'
'393';'1';'3';'6';'0';'135847967';'1';'135847966';'436207695';'402653188';'402653192';'1';'2';'2';'5';'0';'0';'0';'0';'0';'0';'0';'0';'0';'0';'0'
'394';'1';'3';'6';'0';'135847964';'1';'135847965';'402653193';'402653188';'402653192';'1';'2';'2';'5';'0';'0';'0';'0';'0';'0';'0';'0';'0';'0';'0'
'395';'1';'3';'6';'0';'135847966';'1';'135847967';'402653193';'402653188';'402653192';'1';'2';'2';'5';'0';'0';'0';'0';'0';'0';'0';'0';'0';'0';'0'
'396';'1';'3';'7';'0';'136153095';'1';'136153094';'436207695';'402653188';'402653192';'1';'2';'2';'5';'0';'0';'0';'0';'0';'0';'0';'0';'0';'0';'0'
'397';'1';'3';'7';'0';'136153097';'1';'136153096';'436207695';'402653188';'402653192';'1';'2';'2';'5';'0';'0';'0';'0';'0';'0';'0';'0';'0';'0';'0'
'398';'1';'3';'7';'0';'136153094';'1';'136153095';'402653193';'402653188';'402653192';'1';'2';'2';'5';'0';'0';'0';'0';'0';'0';'0';'0';'0';'0';'0'
'399';'1';'3';'7';'0';'136153096';'1';'136153097';'402653193';'402653188';'402653192';'1';'2';'2';'5';'0';'0';'0';'0';'0';'0';'0';'0';'0';'0';'0'
'400';'1';'3';'8';'0';'136331295';'1';'136331296';'402653198';'402653184';'402653185';'1';'2';'8';'8';'0';'0';'0';'0';'0';'0';'0';'0';'0';'0';'0'
'401';'1';'3';'8';'0';'136331296';'1';'136331295';'402653198';'402653184';'402653185';'1';'2';'8';'8';'0';'0';'0';'0';'0';'0';'0';'0';'0';'0';'0'
'402';'1';'3';'8';'0';'136331279';'1';'136331283';'402653223';'402653191';'402653192';'1';'20';'20';'20';'0';'0';'0';'0';'0';'0';'0';'0';'0';'0';'0'
'403';'1';'3';'8';'0';'136331282';'1';'136331279';'402653223';'402653191';'402653192';'1';'20';'20';'20';'0';'0';'0';'0';'0';'0';'0';'0';'0';'0';'0'
'404';'1';'3';'8';'0';'136331282';'1';'136331283';'402653223';'402653191';'402653192';'1';'20';'20';'20';'0';'0';'0';'0';'0';'0';'0';'0';'0';'0';'0'
'405';'1';'3';'8';'0';'136331283';'1';'136331279';'402653223';'402653191';'402653192';'1';'20';'20';'20';'0';'0';'0';'0';'0';'0';'0';'0';'0';'0';'0'
'406';'1';'3';'8';'0';'136331283';'1';'136331282';'402653223';'402653191';'402653192';'1';'20';'20';'20';'0';'0';'0';'0';'0';'0';'0';'0';'0';'0';'0'
'407';'1';'3';'8';'0';'136314883';'1';'136314886';'402653223';'402653191';'402653192';'1';'5';'8';'8';'0';'0';'0';'0';'0';'0';'0';'0';'0';'0';'0'
'408';'1';'3';'8';'0';'136314883';'1';'136314887';'402653223';'402653191';'402653192';'1';'5';'8';'8';'0';'0';'0';'0';'0';'0';'0';'0';'0';'0';'0'
'409';'1';'3';'8';'0';'136314886';'1';'136314883';'402653223';'402653191';'402653192';'1';'5';'8';'8';'0';'0';'0';'0';'0';'0';'0';'0';'0';'0';'0'
'410';'1';'3';'8';'0';'136314886';'1';'136314887';'402653223';'402653191';'402653192';'1';'5';'8';'8';'0';'0';'0';'0';'0';'0';'0';'0';'0';'0';'0'
'411';'1';'3';'8';'0';'136314887';'1';'136314883';'402653223';'402653191';'402653192';'1';'5';'8';'8';'0';'0';'0';'0';'0';'0';'0';'0';'0';'0';'0'
'412';'1';'3';'8';'0';'136314887';'1';'136314886';'402653223';'402653191';'402653192';'1';'5';'8';'8';'0';'0';'0';'0';'0';'0';'0';'0';'0';'0';'0'
'413';'1';'3';'8';'0';'136372235';'1';'136372238';'402653223';'402653191';'402653192';'1';'5';'8';'8';'0';'0';'0';'0';'0';'0';'0';'0';'0';'0';'0'
'414';'1';'3';'8';'0';'136372235';'1';'136372239';'402653223';'402653191';'402653192';'1';'5';'8';'8';'0';'0';'0';'0';'0';'0';'0';'0';'0';'0';'0'
'415';'1';'3';'8';'0';'136372238';'1';'136372235';'402653223';'402653191';'402653192';'1';'5';'8';'8';'0';'0';'0';'0';'0';'0';'0';'0';'0';'0';'0'
'416';'1';'3';'8';'0';'136372238';'1';'136372239';'402653223';'402653191';'402653192';'1';'5';'8';'8';'0';'0';'0';'0';'0';'0';'0';'0';'0';'0';'0'
'417';'1';'3';'8';'0';'136372239';'1';'136372235';'402653223';'402653191';'402653192';'1';'5';'8';'8';'0';'0';'0';'0';'0';'0';'0';'0';'0';'0';'0'
'418';'1';'3';'8';'0';'136372239';'1';'136372238';'402653223';'402653191';'402653192';'1';'5';'8';'8';'0';'0';'0';'0';'0';'0';'0';'0';'0';'0';'0'
'419';'1';'3';'8';'0';'136331280';'1';'136331284';'402653198';'402653221';'402653184';'1';'2';'3';'8';'0';'0';'0';'0';'0';'0';'0';'0';'0';'0';'0'
'420';'1';'3';'8';'0';'136331284';'1';'136331280';'402653198';'402653221';'402653185';'1';'2';'3';'8';'0';'0';'0';'0';'0';'0';'0';'0';'0';'0';'0'
'421';'1';'3';'8';'0';'136314884';'1';'136314888';'402653198';'402653221';'402653184';'1';'1';'2';'5';'0';'0';'0';'0';'0';'0';'0';'0';'0';'0';'0'
'422';'1';'3';'8';'0';'136314888';'1';'136314884';'402653198';'402653221';'402653185';'1';'1';'2';'5';'0';'0';'0';'0';'0';'0';'0';'0';'0';'0';'0'
'423';'1';'3';'8';'0';'136347658';'1';'136347660';'402653198';'402653221';'402653184';'1';'1';'2';'5';'0';'0';'0';'0';'0';'0';'0';'0';'0';'0';'0'
'424';'1';'3';'8';'0';'136347660';'1';'136347658';'402653198';'402653221';'402653185';'1';'1';'2';'5';'0';'0';'0';'0';'0';'0';'0';'0';'0';'0';'0'
'425';'1';'3';'8';'0';'136372236';'1';'136372240';'402653198';'402653221';'402653184';'1';'1';'2';'5';'0';'0';'0';'0';'0';'0';'0';'0';'0';'0';'0'
'426';'1';'3';'8';'0';'136331279';'1';'136331282';'402653223';'402653191';'402653192';'1';'20';'20';'20';'0';'0';'0';'0';'0';'0';'0';'0';'0';'0';'0'
'427';'1';'3';'8';'0';'136372240';'1';'136372236';'402653198';'402653221';'402653185';'1';'1';'2';'5';'0';'0';'0';'0';'0';'0';'0';'0';'0';'0';'0'
'428';'1';'3';'8';'0';'136331302';'1';'136331301';'402653190';'402653192';'402653191';'1';'2';'30';'30';'0';'0';'0';'0';'0';'0';'0';'0';'0';'0';'0'
'429';'1';'3';'8';'0';'136331301';'1';'136331302';'402653190';'402653192';'402653191';'1';'2';'30';'30';'0';'0';'0';'0';'0';'0';'0';'0';'0';'0';'0'
'430';'1';'3';'8';'0';'136388630';'1';'136388629';'402653190';'402653192';'402653191';'1';'1';'20';'20';'0';'0';'0';'0';'0';'0';'0';'0';'0';'0';'0'
'431';'1';'3';'8';'0';'136388629';'1';'136388630';'402653190';'402653192';'402653191';'1';'1';'20';'20';'0';'0';'0';'0';'0';'0';'0';'0';'0';'0';'0'
'432';'1';'3';'8';'0';'136347668';'1';'136347667';'402653190';'402653192';'402653191';'1';'1';'20';'20';'0';'0';'0';'0';'0';'0';'0';'0';'0';'0';'0'
'433';'1';'3';'8';'0';'136347667';'1';'136347668';'402653190';'402653192';'402653191';'1';'1';'20';'20';'0';'0';'0';'0';'0';'0';'0';'0';'0';'0';'0'
'434';'1';'3';'8';'0';'136372256';'1';'136372255';'402653190';'402653192';'402653191';'1';'1';'20';'20';'0';'0';'0';'0';'0';'0';'0';'0';'0';'0';'0'
'435';'1';'3';'8';'0';'136372255';'1';'136372256';'402653190';'402653192';'402653191';'1';'1';'20';'20';'0';'0';'0';'0';'0';'0';'0';'0';'0';'0';'0'
'436';'1';'3';'8';'0';'136331275';'1';'136331281';'402653224';'402653221';'402653189';'1';'2';'3';'10';'0';'0';'0';'0';'0';'0';'0';'0';'0';'0';'0'
'437';'1';'3';'8';'0';'136331281';'1';'136331275';'402653224';'402653221';'402653189';'1';'2';'3';'10';'0';'0';'0';'0';'0';'0';'0';'0';'0';'0';'0'
'438';'1';'3';'8';'0';'136372231';'1';'136372237';'402653224';'402653221';'402653189';'1';'1';'2';'5';'0';'0';'0';'0';'0';'0';'0';'0';'0';'0';'0'
'439';'1';'3';'8';'0';'136372237';'1';'136372231';'402653224';'402653221';'402653189';'1';'1';'2';'5';'0';'0';'0';'0';'0';'0';'0';'0';'0';'0';'0'
'440';'1';'3';'8';'0';'136314880';'1';'136314885';'402653224';'402653221';'402653189';'1';'1';'2';'5';'0';'0';'0';'0';'0';'0';'0';'0';'0';'0';'0'
'441';'1';'3';'8';'0';'136314885';'1';'136314880';'402653224';'402653221';'402653189';'1';'1';'2';'5';'0';'0';'0';'0';'0';'0';'0';'0';'0';'0';'0'
'442';'1';'3';'8';'0';'136347654';'1';'136347659';'402653224';'402653221';'402653189';'1';'1';'2';'5';'0';'0';'0';'0';'0';'0';'0';'0';'0';'0';'0'
'443';'1';'3';'8';'0';'136347659';'1';'136347654';'402653224';'402653221';'402653189';'1';'1';'2';'5';'0';'0';'0';'0';'0';'0';'0';'0';'0';'0';'0'
'444';'1';'3';'3';'0';'135020621';'1';'135020620';'402653198';'402653184';'402653185';'1';'2';'8';'8';'0';'0';'0';'0';'0';'0';'0';'0';'0';'0';'0'
'445';'1';'3';'3';'0';'135020620';'1';'135020621';'402653198';'402653184';'402653185';'1';'2';'8';'8';'0';'0';'0';'0';'0';'0';'0';'0';'0';'0';'0'
'446';'1';'3';'3';'0';'135061554';'1';'135061553';'402653198';'402653184';'402653185';'1';'1';'5';'5';'0';'0';'0';'0';'0';'0';'0';'0';'0';'0';'0'
'447';'1';'3';'3';'0';'135061553';'1';'135061554';'402653198';'402653184';'402653185';'1';'1';'5';'5';'0';'0';'0';'0';'0';'0';'0';'0';'0';'0';'0'
'448';'1';'3';'3';'0';'135135236';'1';'135135235';'402653198';'402653184';'402653185';'1';'1';'5';'5';'0';'0';'0';'0';'0';'0';'0';'0';'0';'0';'0'
'449';'1';'3';'3';'0';'135135235';'1';'135135236';'402653198';'402653184';'402653185';'1';'1';'5';'5';'0';'0';'0';'0';'0';'0';'0';'0';'0';'0';'0'
'450';'1';'3';'3';'0';'135088150';'1';'135088149';'402653198';'402653184';'402653185';'1';'1';'5';'5';'0';'0';'0';'0';'0';'0';'0';'0';'0';'0';'0'
'451';'1';'3';'3';'0';'135088149';'1';'135088150';'402653198';'402653184';'402653185';'1';'1';'5';'5';'0';'0';'0';'0';'0';'0';'0';'0';'0';'0';'0'
'452';'1';'3';'3';'0';'135036950';'1';'135036949';'402653198';'402653184';'402653185';'1';'1';'5';'5';'0';'0';'0';'0';'0';'0';'0';'0';'0';'0';'0'
'453';'1';'3';'3';'0';'135036949';'1';'135036950';'402653198';'402653184';'402653185';'1';'1';'5';'5';'0';'0';'0';'0';'0';'0';'0';'0';'0';'0';'0'
'454';'1';'3';'5';'0';'135544935';'1';'135544934';'402653198';'402653184';'402653185';'1';'2';'8';'8';'0';'0';'0';'0';'0';'0';'0';'0';'0';'0';'0'
'455';'1';'3';'5';'0';'135544934';'1';'135544935';'402653198';'402653184';'402653185';'1';'2';'8';'8';'0';'0';'0';'0';'0';'0';'0';'0';'0';'0';'0'
'456';'1';'3';'5';'0';'135634999';'1';'135634998';'402653198';'402653184';'402653185';'1';'1';'5';'5';'0';'0';'0';'0';'0';'0';'0';'0';'0';'0';'0'
'457';'1';'3';'5';'0';'135634998';'1';'135634999';'402653198';'402653184';'402653185';'1';'1';'5';'5';'0';'0';'0';'0';'0';'0';'0';'0';'0';'0';'0'
'458';'1';'3';'5';'0';'135585867';'1';'135585866';'402653198';'402653184';'402653185';'1';'1';'5';'5';'0';'0';'0';'0';'0';'0';'0';'0';'0';'0';'0'
'459';'1';'3';'5';'0';'135585866';'1';'135585867';'402653198';'402653184';'402653185';'1';'1';'5';'5';'0';'0';'0';'0';'0';'0';'0';'0';'0';'0';'0'
'460';'1';'3';'1';'0';'134496374';'1';'134496375';'402653223';'402653191';'402653192';'1';'10';'30';'30';'0';'0';'0';'0';'0';'0';'0';'0';'0';'0';'0'
'461';'1';'3';'1';'0';'134537298';'1';'134537299';'402653223';'402653191';'402653192';'1';'5';'20';'20';'0';'0';'0';'0';'0';'0';'0';'0';'0';'0';'0'
'462';'1';'3';'1';'0';'134482013';'1';'134482014';'402653223';'402653191';'402653192';'1';'5';'20';'20';'0';'0';'0';'0';'0';'0';'0';'0';'0';'0';'0'
'463';'1';'3';'1';'0';'134496375';'1';'134496374';'402653223';'402653191';'402653192';'1';'10';'30';'30';'0';'0';'0';'0';'0';'0';'0';'0';'0';'0';'0'
'464';'1';'3';'1';'0';'134537299';'1';'134537298';'402653223';'402653191';'402653192';'1';'5';'20';'20';'0';'0';'0';'0';'0';'0';'0';'0';'0';'0';'0'
'465';'1';'3';'1';'0';'134482014';'1';'134482013';'402653223';'402653191';'402653192';'1';'5';'20';'20';'0';'0';'0';'0';'0';'0';'0';'0';'0';'0';'0'
'466';'1';'3';'3';'0';'135020629';'1';'135020630';'402653223';'402653191';'402653192';'1';'10';'30';'30';'0';'0';'0';'0';'0';'0';'0';'0';'0';'0';'0'
'467';'1';'3';'3';'0';'135061562';'1';'135061563';'402653223';'402653191';'402653192';'1';'5';'20';'20';'0';'0';'0';'0';'0';'0';'0';'0';'0';'0';'0'
'468';'1';'3';'3';'0';'135036955';'1';'135036956';'402653223';'402653191';'402653192';'1';'5';'20';'20';'0';'0';'0';'0';'0';'0';'0';'0';'0';'0';'0'
'469';'1';'3';'3';'0';'135069737';'1';'135069738';'402653223';'402653191';'402653192';'1';'5';'20';'20';'0';'0';'0';'0';'0';'0';'0';'0';'0';'0';'0'
'470';'1';'3';'3';'0';'135020630';'1';'135020629';'402653223';'402653191';'402653192';'1';'10';'30';'30';'0';'0';'0';'0';'0';'0';'0';'0';'0';'0';'0'
'471';'1';'3';'3';'0';'135061563';'1';'135061562';'402653223';'402653191';'402653192';'1';'5';'20';'20';'0';'0';'0';'0';'0';'0';'0';'0';'0';'0';'0'
'472';'1';'3';'3';'0';'135036956';'1';'135036955';'402653223';'402653191';'402653192';'1';'5';'20';'20';'0';'0';'0';'0';'0';'0';'0';'0';'0';'0';'0'
'473';'1';'3';'3';'0';'135069738';'1';'135069737';'402653223';'402653191';'402653192';'1';'5';'20';'20';'0';'0';'0';'0';'0';'0';'0';'0';'0';'0';'0'
'474';'1';'3';'5';'0';'135544947';'1';'135544948';'402653223';'402653191';'402653192';'1';'10';'30';'30';'0';'0';'0';'0';'0';'0';'0';'0';'0';'0';'0'
'475';'1';'3';'5';'0';'135585879';'1';'135585880';'402653223';'402653191';'402653192';'1';'5';'20';'20';'0';'0';'0';'0';'0';'0';'0';'0';'0';'0';'0'
'476';'1';'3';'5';'0';'135635003';'1';'135635004';'402653223';'402653191';'402653192';'1';'5';'20';'20';'0';'0';'0';'0';'0';'0';'0';'0';'0';'0';'0'
'477';'1';'3';'5';'0';'135544948';'1';'135544947';'402653223';'402653191';'402653192';'1';'10';'30';'30';'0';'0';'0';'0';'0';'0';'0';'0';'0';'0';'0'
'478';'1';'3';'5';'0';'135585880';'1';'135585879';'402653223';'402653191';'402653192';'1';'5';'20';'20';'0';'0';'0';'0';'0';'0';'0';'0';'0';'0';'0'
'479';'1';'3';'5';'0';'135635004';'1';'135635003';'402653223';'402653191';'402653192';'1';'5';'20';'20';'0';'0';'0';'0';'0';'0';'0';'0';'0';'0';'0'
'480';'1';'3';'6';'0';'135807096';'1';'135807097';'402653223';'402653191';'402653192';'1';'5';'15';'15';'0';'0';'0';'0';'0';'0';'0';'0';'0';'0';'0'
'481';'1';'3';'6';'0';'135823387';'1';'135823388';'402653223';'402653191';'402653192';'1';'5';'15';'15';'0';'0';'0';'0';'0';'0';'0';'0';'0';'0';'0'
'482';'1';'3';'6';'0';'135831641';'1';'135831642';'402653223';'402653191';'402653192';'1';'5';'20';'20';'0';'0';'0';'0';'0';'0';'0';'0';'0';'0';'0'
'483';'1';'3';'6';'0';'135847988';'1';'135847989';'402653223';'402653191';'402653192';'1';'5';'20';'20';'0';'0';'0';'0';'0';'0';'0';'0';'0';'0';'0'
'484';'1';'3';'6';'0';'135807097';'1';'135807096';'402653223';'402653191';'402653192';'1';'5';'15';'15';'0';'0';'0';'0';'0';'0';'0';'0';'0';'0';'0'
'485';'1';'3';'6';'0';'135823388';'1';'135823387';'402653223';'402653191';'402653192';'1';'5';'15';'15';'0';'0';'0';'0';'0';'0';'0';'0';'0';'0';'0'
'486';'1';'3';'6';'0';'135831642';'1';'135831641';'402653223';'402653191';'402653192';'1';'5';'20';'20';'0';'0';'0';'0';'0';'0';'0';'0';'0';'0';'0'
'487';'1';'3';'6';'0';'135847989';'1';'135847988';'402653223';'402653191';'402653192';'1';'5';'20';'20';'0';'0';'0';'0';'0';'0';'0';'0';'0';'0';'0'
'488';'1';'3';'8';'0';'136331311';'1';'136331312';'402653223';'402653191';'402653192';'1';'10';'30';'30';'0';'0';'0';'0';'0';'0';'0';'0';'0';'0';'0'
'489';'1';'3';'8';'0';'136372261';'1';'136372262';'402653223';'402653191';'402653192';'1';'5';'20';'20';'0';'0';'0';'0';'0';'0';'0';'0';'0';'0';'0'
'490';'1';'3';'8';'0';'136388639';'1';'136388640';'402653223';'402653191';'402653192';'1';'5';'20';'20';'0';'0';'0';'0';'0';'0';'0';'0';'0';'0';'0'
'491';'1';'3';'8';'0';'136331312';'1';'136331311';'402653223';'402653191';'402653192';'1';'10';'30';'30';'0';'0';'0';'0';'0';'0';'0';'0';'0';'0';'0'
'492';'1';'3';'8';'0';'136372262';'1';'136372261';'402653223';'402653191';'402653192';'1';'5';'20';'20';'0';'0';'0';'0';'0';'0';'0';'0';'0';'0';'0'
'493';'1';'3';'8';'0';'136388640';'1';'136388639';'402653223';'402653191';'402653192';'1';'5';'20';'20';'0';'0';'0';'0';'0';'0';'0';'0';'0';'0';'0'
'494';'1';'3';'0';'0';'134359049';'1';'134359048';'402653190';'402653192';'402653191';'1';'2';'30';'30';'0';'0';'0';'0';'0';'0';'0';'0';'0';'0';'0'
'495';'1';'3';'0';'0';'134359048';'1';'134359049';'402653198';'402653184';'402653185';'1';'2';'8';'8';'0';'0';'0';'0';'0';'0';'0';'0';'0';'0';'0'
'496';'1';'3';'1';'0';'134621193';'1';'134621192';'402653190';'402653192';'402653191';'1';'2';'30';'30';'0';'0';'0';'0';'0';'0';'0';'0';'0';'0';'0'
'497';'1';'3';'1';'0';'134621192';'1';'134621193';'402653198';'402653184';'402653185';'1';'2';'8';'8';'0';'0';'0';'0';'0';'0';'0';'0';'0';'0';'0'
'498';'1';'3';'2';'0';'134899721';'1';'134899720';'402653190';'402653192';'402653191';'1';'2';'30';'30';'0';'0';'0';'0';'0';'0';'0';'0';'0';'0';'0'
'499';'1';'3';'2';'0';'134899720';'1';'134899721';'402653198';'402653184';'402653185';'1';'2';'8';'8';'0';'0';'0';'0';'0';'0';'0';'0';'0';'0';'0'
'500';'1';'3';'3';'0';'135145481';'1';'135145480';'402653190';'402653192';'402653191';'1';'2';'30';'30';'0';'0';'0';'0';'0';'0';'0';'0';'0';'0';'0'
'501';'1';'3';'3';'0';'135145480';'1';'135145481';'402653198';'402653184';'402653185';'1';'2';'8';'8';'0';'0';'0';'0';'0';'0';'0';'0';'0';'0';'0'
'502';'1';'3';'4';'0';'135432201';'1';'135432200';'402653190';'402653192';'402653191';'1';'2';'30';'30';'0';'0';'0';'0';'0';'0';'0';'0';'0';'0';'0'
'503';'1';'3';'4';'0';'135432200';'1';'135432201';'402653198';'402653184';'402653185';'1';'2';'8';'8';'0';'0';'0';'0';'0';'0';'0';'0';'0';'0';'0'
'504';'1';'3';'5';'0';'135702537';'1';'135702536';'402653190';'402653192';'402653191';'1';'2';'30';'30';'0';'0';'0';'0';'0';'0';'0';'0';'0';'0';'0'
'505';'1';'3';'5';'0';'135702536';'1';'135702537';'402653198';'402653184';'402653185';'1';'2';'8';'8';'0';'0';'0';'0';'0';'0';'0';'0';'0';'0';'0'
'506';'1';'3';'6';'0';'135923721';'1';'135923720';'402653190';'402653192';'402653191';'1';'2';'30';'30';'0';'0';'0';'0';'0';'0';'0';'0';'0';'0';'0'
'507';'1';'3';'6';'0';'135923720';'1';'135923721';'402653198';'402653184';'402653185';'1';'2';'8';'8';'0';'0';'0';'0';'0';'0';'0';'0';'0';'0';'0'
'508';'1';'3';'7';'0';'136210441';'1';'136210440';'402653190';'402653192';'402653191';'1';'2';'30';'30';'0';'0';'0';'0';'0';'0';'0';'0';'0';'0';'0'
'509';'1';'3';'7';'0';'136210440';'1';'136210441';'402653198';'402653184';'402653185';'1';'2';'8';'8';'0';'0';'0';'0';'0';'0';'0';'0';'0';'0';'0'
'510';'1';'3';'8';'0';'136456201';'1';'136456200';'402653190';'402653192';'402653191';'1';'2';'30';'30';'0';'0';'0';'0';'0';'0';'0';'0';'0';'0';'0'
'511';'1';'3';'8';'0';'136456200';'1';'136456201';'402653198';'402653184';'402653185';'1';'2';'8';'8';'0';'0';'0';'0';'0';'0';'0';'0';'0';'0';'0'
'512';'1';'3';'0';'0';'134258732';'1';'134258733';'402653190';'402653192';'402653191';'1';'2';'30';'30';'0';'0';'0';'0';'0';'0';'0';'0';'0';'0';'0'
'513';'1';'3';'0';'0';'134283312';'1';'134283313';'436207695';'402653188';'402653192';'1';'2';'2';'5';'0';'0';'0';'0';'0';'0';'0';'0';'0';'0';'0'
'514';'1';'3';'0';'0';'134348807';'1';'134348808';'436207695';'402653188';'402653192';'1';'2';'2';'5';'0';'0';'0';'0';'0';'0';'0';'0';'0';'0';'0'
'515';'1';'3';'0';'0';'134242380';'1';'134242381';'436207695';'402653188';'402653192';'1';'2';'2';'5';'0';'0';'0';'0';'0';'0';'0';'0';'0';'0';'0'
'516';'1';'3';'0';'0';'134258733';'1';'134258732';'402653198';'402653184';'402653185';'1';'2';'8';'8';'0';'0';'0';'0';'0';'0';'0';'0';'0';'0';'0'
'517';'1';'3';'0';'0';'134283313';'1';'134283312';'402653193';'402653188';'402653192';'1';'2';'2';'5';'0';'0';'0';'0';'0';'0';'0';'0';'0';'0';'0'
'518';'1';'3';'0';'0';'134348808';'1';'134348807';'402653193';'402653188';'402653192';'1';'2';'2';'5';'0';'0';'0';'0';'0';'0';'0';'0';'0';'0';'0'
'519';'1';'3';'0';'0';'134242381';'1';'134242380';'402653193';'402653188';'402653192';'1';'2';'2';'5';'0';'0';'0';'0';'0';'0';'0';'0';'0';'0';'0'
'520';'1';'3';'3';'0';'135020631';'1';'135020632';'402653190';'402653192';'402653191';'1';'2';'30';'30';'0';'0';'0';'0';'0';'0';'0';'0';'0';'0';'0'
'521';'1';'3';'3';'0';'135020632';'1';'135020631';'402653198';'402653184';'402653185';'1';'2';'8';'8';'0';'0';'0';'0';'0';'0';'0';'0';'0';'0';'0'
'522';'1';'3';'5';'0';'135544956';'1';'135544955';'402653190';'402653192';'402653191';'1';'2';'30';'30';'0';'0';'0';'0';'0';'0';'0';'0';'0';'0';'0'
'523';'1';'3';'5';'0';'135544955';'1';'135544956';'402653198';'402653184';'402653185';'1';'2';'8';'8';'0';'0';'0';'0';'0';'0';'0';'0';'0';'0';'0'
'524';'1';'3';'6';'0';'135807104';'1';'135807105';'402653190';'402653192';'402653191';'1';'2';'30';'30';'0';'0';'0';'0';'0';'0';'0';'0';'0';'0';'0'
'525';'1';'3';'6';'0';'135807105';'1';'135807104';'402653198';'402653184';'402653185';'1';'2';'8';'8';'0';'0';'0';'0';'0';'0';'0';'0';'0';'0';'0'
'526';'1';'3';'8';'0';'136331325';'1';'136331324';'402653190';'402653192';'402653191';'1';'2';'30';'30';'0';'0';'0';'0';'0';'0';'0';'0';'0';'0';'0'
'527';'1';'3';'8';'0';'136331324';'1';'136331325';'402653198';'402653184';'402653185';'1';'2';'8';'8';'0';'0';'0';'0';'0';'0';'0';'0';'0';'0';'0'
'528';'1';'3';'8';'0';'136331322';'1';'136331323';'402653190';'402653192';'402653191';'1';'2';'30';'30';'0';'0';'0';'0';'0';'0';'0';'0';'0';'0';'0'
'529';'1';'3';'8';'0';'136331323';'1';'136331322';'402653198';'402653184';'402653185';'1';'2';'8';'8';'0';'0';'0';'0';'0';'0';'0';'0';'0';'0';'0'
'530';'1';'3';'6';'0';'135807107';'1';'135807106';'402653190';'402653192';'402653191';'1';'2';'30';'30';'0';'0';'0';'0';'0';'0';'0';'0';'0';'0';'0'
'531';'1';'3';'6';'0';'135807106';'1';'135807107';'402653198';'402653184';'402653185';'1';'2';'8';'8';'0';'0';'0';'0';'0';'0';'0';'0';'0';'0';'0'
'532';'1';'3';'1';'0';'134496382';'1';'134496383';'402653190';'402653192';'402653191';'1';'2';'30';'30';'0';'0';'0';'0';'0';'0';'0';'0';'0';'0';'0'
'533';'1';'3';'1';'0';'134496383';'1';'134496382';'402653198';'402653184';'402653185';'1';'2';'8';'8';'0';'0';'0';'0';'0';'0';'0';'0';'0';'0';'0'
'534';'1';'3';'1';'0';'134496391';'1';'134496392';'402653223';'402653189';'402653192';'1';'20';'10';'20';'0';'0';'0';'0';'0';'0';'0';'0';'0';'0';'0'
'535';'1';'3';'1';'0';'134496391';'1';'134496393';'402653223';'402653189';'402653192';'1';'20';'10';'20';'0';'0';'0';'0';'0';'0';'0';'0';'0';'0';'0'
'536';'1';'3';'1';'0';'134496392';'1';'134496391';'402653223';'402653189';'402653192';'1';'20';'10';'20';'0';'0';'0';'0';'0';'0';'0';'0';'0';'0';'0'
'537';'1';'3';'1';'0';'134496392';'1';'134496393';'402653223';'402653189';'402653192';'1';'20';'10';'20';'0';'0';'0';'0';'0';'0';'0';'0';'0';'0';'0'
'538';'1';'3';'1';'0';'134496393';'1';'134496391';'402653223';'402653189';'402653192';'1';'20';'10';'20';'0';'0';'0';'0';'0';'0';'0';'0';'0';'0';'0'
'539';'1';'3';'1';'0';'134496393';'1';'134496392';'402653223';'402653189';'402653192';'1';'20';'10';'20';'0';'0';'0';'0';'0';'0';'0';'0';'0';'0';'0'
'540';'1';'3';'1';'0';'134537308';'1';'134537309';'402653223';'402653189';'402653192';'1';'5';'5';'10';'0';'0';'0';'0';'0';'0';'0';'0';'0';'0';'0'
'541';'1';'3';'1';'0';'134537308';'1';'134537310';'402653223';'402653189';'402653192';'1';'5';'5';'10';'0';'0';'0';'0';'0';'0';'0';'0';'0';'0';'0'
'542';'1';'3';'1';'0';'134537309';'1';'134537308';'402653223';'402653189';'402653192';'1';'5';'5';'10';'0';'0';'0';'0';'0';'0';'0';'0';'0';'0';'0'
'543';'1';'3';'1';'0';'134537309';'1';'134537310';'402653223';'402653189';'402653192';'1';'5';'5';'10';'0';'0';'0';'0';'0';'0';'0';'0';'0';'0';'0'
'544';'1';'3';'1';'0';'134537310';'1';'134537308';'402653223';'402653189';'402653192';'1';'5';'5';'10';'0';'0';'0';'0';'0';'0';'0';'0';'0';'0';'0'
'545';'1';'3';'1';'0';'134537310';'1';'134537309';'402653223';'402653189';'402653192';'1';'5';'5';'10';'0';'0';'0';'0';'0';'0';'0';'0';'0';'0';'0'
'546';'1';'3';'1';'0';'134506526';'1';'134506527';'402653223';'402653189';'402653192';'1';'5';'5';'10';'0';'0';'0';'0';'0';'0';'0';'0';'0';'0';'0'
'547';'1';'3';'1';'0';'134506527';'1';'134506526';'402653223';'402653189';'402653192';'1';'5';'5';'10';'0';'0';'0';'0';'0';'0';'0';'0';'0';'0';'0'
'548';'1';'3';'1';'0';'134588441';'1';'134588442';'402653223';'402653189';'402653192';'1';'5';'5';'10';'0';'0';'0';'0';'0';'0';'0';'0';'0';'0';'0'
'549';'1';'3';'1';'0';'134588441';'1';'134588443';'402653223';'402653189';'402653192';'1';'5';'5';'10';'0';'0';'0';'0';'0';'0';'0';'0';'0';'0';'0'
'550';'1';'3';'1';'0';'134588442';'1';'134588441';'402653223';'402653189';'402653192';'1';'5';'5';'10';'0';'0';'0';'0';'0';'0';'0';'0';'0';'0';'0'
'551';'1';'3';'1';'0';'134588442';'1';'134588443';'402653223';'402653189';'402653192';'1';'5';'5';'10';'0';'0';'0';'0';'0';'0';'0';'0';'0';'0';'0'
'552';'1';'3';'1';'0';'134588443';'1';'134588441';'402653223';'402653189';'402653192';'1';'5';'5';'10';'0';'0';'0';'0';'0';'0';'0';'0';'0';'0';'0'
'553';'1';'3';'1';'0';'134588443';'1';'134588442';'402653223';'402653189';'402653192';'1';'5';'5';'10';'0';'0';'0';'0';'0';'0';'0';'0';'0';'0';'0'
'554';'1';'3';'3';'0';'135020685';'1';'135020686';'402653223';'402653189';'402653192';'1';'20';'10';'20';'0';'0';'0';'0';'0';'0';'0';'0';'0';'0';'0'
'555';'1';'3';'3';'0';'135020685';'1';'135020687';'402653223';'402653189';'402653192';'1';'20';'10';'20';'0';'0';'0';'0';'0';'0';'0';'0';'0';'0';'0'
'556';'1';'3';'3';'0';'135020686';'1';'135020685';'402653223';'402653189';'402653192';'1';'20';'10';'20';'0';'0';'0';'0';'0';'0';'0';'0';'0';'0';'0'
'557';'1';'3';'3';'0';'135020686';'1';'135020687';'402653223';'402653189';'402653192';'1';'20';'10';'20';'0';'0';'0';'0';'0';'0';'0';'0';'0';'0';'0'
'558';'1';'3';'3';'0';'135020687';'1';'135020685';'402653223';'402653189';'402653192';'1';'20';'10';'20';'0';'0';'0';'0';'0';'0';'0';'0';'0';'0';'0'
'559';'1';'3';'3';'0';'135020687';'1';'135020686';'402653223';'402653189';'402653192';'1';'20';'10';'20';'0';'0';'0';'0';'0';'0';'0';'0';'0';'0';'0'
'560';'1';'3';'3';'0';'135036963';'1';'135036964';'402653223';'402653189';'402653192';'1';'5';'5';'10';'0';'0';'0';'0';'0';'0';'0';'0';'0';'0';'0'
'561';'1';'3';'3';'0';'135036964';'1';'135036963';'402653223';'402653189';'402653192';'1';'5';'5';'10';'0';'0';'0';'0';'0';'0';'0';'0';'0';'0';'0'
'562';'1';'3';'3';'0';'135071792';'1';'135071793';'402653223';'402653189';'402653192';'1';'5';'5';'10';'0';'0';'0';'0';'0';'0';'0';'0';'0';'0';'0'
'563';'1';'3';'3';'0';'135071792';'1';'135071794';'402653223';'402653189';'402653192';'1';'5';'5';'10';'0';'0';'0';'0';'0';'0';'0';'0';'0';'0';'0'
'564';'1';'3';'3';'0';'135071793';'1';'135071792';'402653223';'402653189';'402653192';'1';'5';'5';'10';'0';'0';'0';'0';'0';'0';'0';'0';'0';'0';'0'
'565';'1';'3';'3';'0';'135071793';'1';'135071794';'402653223';'402653189';'402653192';'1';'5';'5';'10';'0';'0';'0';'0';'0';'0';'0';'0';'0';'0';'0'
'566';'1';'3';'3';'0';'135071794';'1';'135071792';'402653223';'402653189';'402653192';'1';'5';'5';'10';'0';'0';'0';'0';'0';'0';'0';'0';'0';'0';'0'
'567';'1';'3';'3';'0';'135071794';'1';'135071793';'402653223';'402653189';'402653192';'1';'5';'5';'10';'0';'0';'0';'0';'0';'0';'0';'0';'0';'0';'0'
'568';'1';'3';'5';'0';'135544967';'1';'135544968';'402653223';'402653189';'402653192';'1';'20';'10';'20';'0';'0';'0';'0';'0';'0';'0';'0';'0';'0';'0'
'569';'1';'3';'5';'0';'135544967';'1';'135544969';'402653223';'402653189';'402653192';'1';'20';'10';'20';'0';'0';'0';'0';'0';'0';'0';'0';'0';'0';'0'
'570';'1';'3';'5';'0';'135544968';'1';'135544967';'402653223';'402653189';'402653192';'1';'20';'10';'20';'0';'0';'0';'0';'0';'0';'0';'0';'0';'0';'0'
'571';'1';'3';'5';'0';'135544968';'1';'135544969';'402653223';'402653189';'402653192';'1';'20';'10';'20';'0';'0';'0';'0';'0';'0';'0';'0';'0';'0';'0'
'572';'1';'3';'5';'0';'135544969';'1';'135544967';'402653223';'402653189';'402653192';'1';'20';'10';'20';'0';'0';'0';'0';'0';'0';'0';'0';'0';'0';'0'
'573';'1';'3';'5';'0';'135544969';'1';'135544968';'402653223';'402653189';'402653192';'1';'20';'10';'20';'0';'0';'0';'0';'0';'0';'0';'0';'0';'0';'0'
'574';'1';'3';'5';'0';'135585892';'1';'135585893';'402653223';'402653189';'402653192';'1';'5';'5';'10';'0';'0';'0';'0';'0';'0';'0';'0';'0';'0';'0'
'575';'1';'3';'5';'0';'135585892';'1';'135585894';'402653223';'402653189';'402653192';'1';'5';'5';'10';'0';'0';'0';'0';'0';'0';'0';'0';'0';'0';'0'
'576';'1';'3';'5';'0';'135585893';'1';'135585892';'402653223';'402653189';'402653192';'1';'5';'5';'10';'0';'0';'0';'0';'0';'0';'0';'0';'0';'0';'0'
'577';'1';'3';'5';'0';'135585893';'1';'135585894';'402653223';'402653189';'402653192';'1';'5';'5';'10';'0';'0';'0';'0';'0';'0';'0';'0';'0';'0';'0'
'578';'1';'3';'5';'0';'135585894';'1';'135585892';'402653223';'402653189';'402653192';'1';'5';'5';'10';'0';'0';'0';'0';'0';'0';'0';'0';'0';'0';'0'
'579';'1';'3';'5';'0';'135585894';'1';'135585893';'402653223';'402653189';'402653192';'1';'5';'5';'10';'0';'0';'0';'0';'0';'0';'0';'0';'0';'0';'0'
'580';'1';'3';'5';'0';'135635011';'1';'135635012';'402653223';'402653189';'402653192';'1';'5';'5';'10';'0';'0';'0';'0';'0';'0';'0';'0';'0';'0';'0'
'581';'1';'3';'5';'0';'135635011';'1';'135635013';'402653223';'402653189';'402653192';'1';'5';'5';'10';'0';'0';'0';'0';'0';'0';'0';'0';'0';'0';'0'
'582';'1';'3';'5';'0';'135635012';'1';'135635011';'402653223';'402653189';'402653192';'1';'5';'5';'10';'0';'0';'0';'0';'0';'0';'0';'0';'0';'0';'0'
'583';'1';'3';'5';'0';'135635012';'1';'135635013';'402653223';'402653189';'402653192';'1';'5';'5';'10';'0';'0';'0';'0';'0';'0';'0';'0';'0';'0';'0'
'584';'1';'3';'5';'0';'135635013';'1';'135635011';'402653223';'402653189';'402653192';'1';'5';'5';'10';'0';'0';'0';'0';'0';'0';'0';'0';'0';'0';'0'
'585';'1';'3';'5';'0';'135635013';'1';'135635012';'402653223';'402653189';'402653192';'1';'5';'5';'10';'0';'0';'0';'0';'0';'0';'0';'0';'0';'0';'0'
'586';'1';'3';'6';'0';'135807113';'1';'135807114';'402653223';'402653189';'402653192';'1';'20';'10';'20';'0';'0';'0';'0';'0';'0';'0';'0';'0';'0';'0'
'587';'1';'3';'6';'0';'135807113';'1';'135807115';'402653223';'402653189';'402653192';'1';'20';'10';'20';'0';'0';'0';'0';'0';'0';'0';'0';'0';'0';'0'
'588';'1';'3';'6';'0';'135807114';'1';'135807113';'402653223';'402653189';'402653192';'1';'20';'10';'20';'0';'0';'0';'0';'0';'0';'0';'0';'0';'0';'0'
'589';'1';'3';'6';'0';'135807114';'1';'135807115';'402653223';'402653189';'402653192';'1';'20';'10';'20';'0';'0';'0';'0';'0';'0';'0';'0';'0';'0';'0'
'590';'1';'3';'6';'0';'135807115';'1';'135807113';'402653223';'402653189';'402653192';'1';'20';'10';'20';'0';'0';'0';'0';'0';'0';'0';'0';'0';'0';'0'
'591';'1';'3';'6';'0';'135807115';'1';'135807114';'402653223';'402653189';'402653192';'1';'20';'10';'20';'0';'0';'0';'0';'0';'0';'0';'0';'0';'0';'0'
'592';'1';'3';'6';'0';'135847996';'1';'135847997';'402653223';'402653189';'402653192';'1';'5';'5';'10';'0';'0';'0';'0';'0';'0';'0';'0';'0';'0';'0'
'593';'1';'3';'6';'0';'135847996';'1';'135847998';'402653223';'402653189';'402653192';'1';'5';'5';'10';'0';'0';'0';'0';'0';'0';'0';'0';'0';'0';'0'
'594';'1';'3';'6';'0';'135847997';'1';'135847996';'402653223';'402653189';'402653192';'1';'5';'5';'10';'0';'0';'0';'0';'0';'0';'0';'0';'0';'0';'0'
'595';'1';'3';'6';'0';'135847997';'1';'135847998';'402653223';'402653189';'402653192';'1';'5';'5';'10';'0';'0';'0';'0';'0';'0';'0';'0';'0';'0';'0'
'596';'1';'3';'6';'0';'135847998';'1';'135847996';'402653223';'402653189';'402653192';'1';'5';'5';'10';'0';'0';'0';'0';'0';'0';'0';'0';'0';'0';'0'
'597';'1';'3';'6';'0';'135847998';'1';'135847997';'402653223';'402653189';'402653192';'1';'5';'5';'10';'0';'0';'0';'0';'0';'0';'0';'0';'0';'0';'0'
'598';'1';'3';'8';'0';'136331345';'1';'136331346';'402653223';'402653189';'402653192';'1';'20';'10';'20';'0';'0';'0';'0';'0';'0';'0';'0';'0';'0';'0'
'599';'1';'3';'8';'0';'136331345';'1';'136331347';'402653223';'402653189';'402653192';'1';'20';'10';'20';'0';'0';'0';'0';'0';'0';'0';'0';'0';'0';'0'
'600';'1';'3';'8';'0';'136331346';'1';'136331345';'402653223';'402653189';'402653192';'1';'20';'10';'20';'0';'0';'0';'0';'0';'0';'0';'0';'0';'0';'0'
'601';'1';'3';'8';'0';'136331346';'1';'136331347';'402653223';'402653189';'402653192';'1';'20';'10';'20';'0';'0';'0';'0';'0';'0';'0';'0';'0';'0';'0'
'602';'1';'3';'8';'0';'136331347';'1';'136331345';'402653223';'402653189';'402653192';'1';'20';'10';'20';'0';'0';'0';'0';'0';'0';'0';'0';'0';'0';'0'
'603';'1';'3';'8';'0';'136331347';'1';'136331346';'402653223';'402653189';'402653192';'1';'20';'10';'20';'0';'0';'0';'0';'0';'0';'0';'0';'0';'0';'0'
'604';'1';'3';'8';'0';'136372285';'1';'136372286';'402653223';'402653189';'402653192';'1';'5';'5';'10';'0';'0';'0';'0';'0';'0';'0';'0';'0';'0';'0'
'605';'1';'3';'8';'0';'136372285';'1';'136372287';'402653223';'402653189';'402653192';'1';'5';'5';'10';'0';'0';'0';'0';'0';'0';'0';'0';'0';'0';'0'
'606';'1';'3';'8';'0';'136372286';'1';'136372285';'402653223';'402653189';'402653192';'1';'5';'5';'10';'0';'0';'0';'0';'0';'0';'0';'0';'0';'0';'0'
'607';'1';'3';'8';'0';'136372286';'1';'136372287';'402653223';'402653189';'402653192';'1';'5';'5';'10';'0';'0';'0';'0';'0';'0';'0';'0';'0';'0';'0'
'608';'1';'3';'8';'0';'136372287';'1';'136372285';'402653223';'402653189';'402653192';'1';'5';'5';'10';'0';'0';'0';'0';'0';'0';'0';'0';'0';'0';'0'
'609';'1';'3';'8';'0';'136372287';'1';'136372286';'402653223';'402653189';'402653192';'1';'5';'5';'10';'0';'0';'0';'0';'0';'0';'0';'0';'0';'0';'0'
'610';'1';'3';'8';'0';'136388659';'1';'136388660';'402653223';'402653189';'402653192';'1';'5';'5';'10';'0';'0';'0';'0';'0';'0';'0';'0';'0';'0';'0'
'611';'1';'3';'8';'0';'136388659';'1';'136388661';'402653223';'402653189';'402653192';'1';'5';'5';'10';'0';'0';'0';'0';'0';'0';'0';'0';'0';'0';'0'
'612';'1';'3';'8';'0';'136388660';'1';'136388659';'402653223';'402653189';'402653192';'1';'5';'5';'10';'0';'0';'0';'0';'0';'0';'0';'0';'0';'0';'0'
'613';'1';'3';'8';'0';'136388660';'1';'136388661';'402653223';'402653189';'402653192';'1';'5';'5';'10';'0';'0';'0';'0';'0';'0';'0';'0';'0';'0';'0'
'614';'1';'3';'8';'0';'136388661';'1';'136388659';'402653223';'402653189';'402653192';'1';'5';'5';'10';'0';'0';'0';'0';'0';'0';'0';'0';'0';'0';'0'
'615';'1';'3';'8';'0';'136388661';'1';'136388660';'402653223';'402653189';'402653192';'1';'5';'5';'10';'0';'0';'0';'0';'0';'0';'0';'0';'0';'0';'0'
'616';'1';'3';'8';'0';'136331341';'1';'136331339';'402653190';'402653192';'402653191';'1';'2';'30';'30';'0';'0';'0';'0';'0';'0';'0';'0';'0';'0';'0'
'617';'1';'3';'8';'0';'136331339';'1';'136331341';'402653198';'402653184';'402653185';'1';'2';'8';'8';'0';'0';'0';'0';'0';'0';'0';'0';'0';'0';'0'
'618';'1';'3';'8';'0';'136372282';'1';'136372280';'436207695';'402653188';'402653192';'1';'2';'2';'5';'0';'0';'0';'0';'0';'0';'0';'0';'0';'0';'0'
'619';'1';'3';'8';'0';'136372280';'1';'136372282';'402653193';'402653188';'402653192';'1';'2';'2';'5';'0';'0';'0';'0';'0';'0';'0';'0';'0';'0';'0'
'620';'1';'3';'8';'0';'136388655';'1';'136388653';'436207695';'402653188';'402653192';'1';'2';'2';'5';'0';'0';'0';'0';'0';'0';'0';'0';'0';'0';'0'
'621';'1';'3';'8';'0';'136388653';'1';'136388655';'402653193';'402653188';'402653192';'1';'2';'2';'5';'0';'0';'0';'0';'0';'0';'0';'0';'0';'0';'0'
'622';'1';'3';'9';'0';'136718336';'1';'2092957699';'436207923';'402653224';'402653200';'3';'2';'10';'10';'0';'0';'0';'0';'0';'0';'0';'0';'0';'0';'0'
